Bits,Matrix Size,Pipelining,Parallelism,Frequency,Slack,Slack,Comb Area,Buf Area,Non-Comb Area,Total Area,Dyn Power (uW),Leakage Power (uW)
8,8,0,1,1.60000000000000000000,VIOLATED,-0.08,3038.78,159.866,3741.82,6780.61,3064.5000,140.049,
8,8,0,1,1.70000000000000000000,MET,0,3031.07,150.29,3738.63,6769.7,2884.000,139.968,
8,8,0,1,1.69000000000000000000,MET,0,3034,145.768,3737.83,6771.83,2901.2000,140.116,
8,8,0,1,1.68000000000000000000,VIOLATED,-0.02,3036.66,159.068,3739.69,6776.35,2918.6000,139.964,
8,8,0,1,1.80000000000000000000,MET,0,2979.2,130.872,3736.77,6715.97,2717.000,138.357,
8,8,0,1,1.90000000000000000000,MET,0,2924.14,131.138,3732.78,6656.92,2564.7000,136.252,
8,8,0,1,2.00000000000000000000,MET,0,2917.49,128.212,3730.65,6648.14,2435.000,135.957,
8,8,0,1,2.10000000000000000000,MET,0,2897.8,125.552,3729.32,6627.12,2316.3000,135.385,
8,8,0,1,2.20000000000000000000,MET,0.02,2894.35,123.424,3728.26,6622.6,2211.000,135.27,
8,8,0,1,2.30000000000000000000,MET,0.08,2893.55,123.424,3728.26,6621.8,2114.7000,135.228,
8,8,0,1,2.40000000000000000000,MET,0.18,2893.55,123.424,3728.26,6621.8,2026.6000,135.228,
8,8,0,1,2.50000000000000000000,MET,0.28,2893.55,123.424,3728.26,6621.8,1945.6000,135.228,
8,8,0,8,1.60000000000000000000,VIOLATED,-0.04,8416.77,645.316,9163.43,17580.2,7571.1000,367.444,
8,8,0,8,1.70000000000000000000,MET,0,8096.24,518.966,9159.71,17256,7124.4000,356.734,
8,8,0,8,1.69000000000000000000,MET,0,8165.14,533.862,9160.24,17325.4,7167.7000,359.433,
8,8,0,8,1.68000000000000000000,MET,0,8206.1,548.226,9155.19,17361.3,7218.2000,360.276,
8,8,0,8,1.67000000000000000000,VIOLATED,-0.01,8230.31,574.294,9159.44,17389.7,7263.7000,361.414,
8,8,0,8,1.80000000000000000000,MET,0,7732.62,430.654,9139.76,16872.4,6698.000,344.342,
8,8,0,8,1.90000000000000000000,MET,0,7335.22,409.64,9110.23,16445.4,6292.4000,330.385,
8,8,0,8,2.00000000000000000000,MET,0,7261,409.108,9093.48,16354.5,5968.5000,327.621,
8,8,0,8,2.10000000000000000000,MET,0,7200.35,393.414,9088.16,16288.5,5678.4000,325.444,
8,8,0,8,2.20000000000000000000,MET,0.01,7180.14,380.38,9088.16,16268.3,5419.4000,324.922,
8,8,0,8,2.30000000000000000000,MET,0.11,7180.14,380.38,9088.16,16268.3,5183.8000,324.922,
8,8,0,8,2.40000000000000000000,MET,0.21,7180.14,380.38,9088.16,16268.3,4967.8000,324.922,
8,8,0,8,2.50000000000000000000,MET,0.31,7180.14,380.38,9088.16,16268.3,4769.1000,324.922,
8,8,1,1,.90000000000000000000,VIOLATED,-0.04,3112.2,210.406,3823.75,6935.95,5636.3000,143.238,
8,8,1,1,1.00000000000000000000,VIOLATED,-0.04,3041.18,189.658,3826.14,6867.32,5058.9000,141.96,
8,8,1,1,1.10000000000000000000,VIOLATED,-0.01,3046.23,176.092,3823.75,6869.98,4604.5000,142.201,
8,8,1,1,1.20000000000000000000,VIOLATED,-0.17,3065.65,163.324,3827.21,6892.86,4224.2000,142.327,
8,8,1,1,1.30000000000000000000,VIOLATED,-0.1,3059.27,160.93,3826.14,6885.41,3899.4000,142.272,
8,8,1,1,1.40000000000000000000,MET,0,3058.73,156.142,3822.95,6881.69,3619.2000,141.815,
8,8,1,1,1.39000000000000000000,MET,0,3054.21,156.142,3823.75,6877.96,3645.6000,141.911,
8,8,1,1,1.38000000000000000000,VIOLATED,0,3079.22,162.526,3823.48,6902.7,3674.7000,142.542,
8,8,1,1,1.50000000000000000000,MET,0,2975.48,134.596,3820.03,6795.5,3362.7000,139.498,
8,8,1,1,1.60000000000000000000,MET,0,2951,134.596,3816.83,6767.84,3147.000,138.501,
8,8,1,1,1.70000000000000000000,MET,0.01,2911.64,126.35,3814.17,6725.81,2954.3000,137.286,
8,8,1,1,1.80000000000000000000,MET,0.01,2901,125.286,3814.17,6715.17,2787.9000,136.903,
8,8,1,1,1.90000000000000000000,MET,0.05,2898.87,124.488,3814.17,6713.04,2640.9000,136.834,
8,8,1,1,2.00000000000000000000,MET,0.15,2898.87,124.488,3814.17,6713.04,2508.8000,136.834,
8,8,1,1,2.10000000000000000000,MET,0.25,2898.87,124.488,3814.17,6713.04,2389.4000,136.834,
8,8,1,1,2.20000000000000000000,MET,0.35,2898.87,124.488,3814.17,6713.04,2280.8000,136.834,
8,8,1,8,.90000000000000000000,VIOLATED,-0.07,8165.93,711.55,9806.36,17972.3,14456.7000,376.771,
8,8,1,8,1.00000000000000000000,MET,0,8110.61,706.762,9811.94,17922.5,13010.4000,373.295,
8,8,1,8,.99000000000000000000,VIOLATED,-0.01,8109.54,725.914,9803.7,17913.2,13158.6000,373.641,
8,8,1,8,1.10000000000000000000,MET,0,8106.62,689.738,9806.09,17912.7,11828.1000,373.139,
8,8,1,8,1.20000000000000000000,VIOLATED,-0.2,8348.41,615.524,9823.65,18172.1,10849.7000,375.507,
8,8,1,8,1.30000000000000000000,VIOLATED,-0.09,8369.69,657.552,9832.42,18202.1,10020.00,376.756,
8,8,1,8,1.40000000000000000000,MET,0,8229.51,570.836,9810.08,18039.6,9277.6000,371.246,
8,8,1,8,1.50000000000000000000,MET,0,7754.96,429.856,9780.55,17535.5,8602.9000,356.365,
8,8,1,8,1.60000000000000000000,MET,0,7496.41,414.96,9763.26,17259.7,8009.8000,346.525,
8,8,1,8,1.70000000000000000000,MET,0,7298.77,398.468,9742.25,17041,7529.1000,339.907,
8,8,1,8,1.80000000000000000000,MET,0.01,7203.28,391.552,9743.85,16947.1,7104.4000,336.813,
8,12,0,1,1.60000000000000000000,VIOLATED,-0.05,4430.23,292.866,7095.28,11525.5,6174.8000,240.822,
8,12,0,1,1.70000000000000000000,VIOLATED,-0.01,4369.05,278.502,7103.8,11472.8,5804.1000,239.337,
8,12,0,1,1.80000000000000000000,MET,0,4342.72,277.704,7095.28,11438,5476.9000,237.806,
8,12,0,1,1.79000000000000000000,MET,0,4350.43,280.896,7095.28,11445.7,5508.9000,238.158,
8,12,0,1,1.78000000000000000000,MET,0,4354.95,273.714,7096.08,11451,5541.6000,238.456,
8,12,0,1,1.77000000000000000000,MET,0,4356.55,275.842,7095.02,11451.6,5572.3000,238.457,
8,12,0,1,1.76000000000000000000,MET,0,4381.82,281.428,7093.69,11475.5,5606.000,239.446,
8,12,0,1,1.75000000000000000000,MET,0,4352.03,267.862,7093.69,11445.7,5633.6000,238.324,
8,12,0,1,1.74000000000000000000,MET,0,4380.22,285.95,7095.55,11475.8,5672.000,239.203,
8,12,0,1,1.73000000000000000000,MET,0,4391.13,292.6,7095.02,11486.1,5705.5000,239.472,
8,12,0,1,1.72000000000000000000,MET,0,4367.72,273.714,7095.28,11463,5736.000,238.723,
8,12,0,1,1.71000000000000000000,MET,0,4376.76,272.118,7096.08,11472.8,5770.1000,239.233,
8,12,0,1,1.70000000000000000000,VIOLATED,-0.01,4369.05,278.502,7103.8,11472.8,5804.1000,239.337,
8,12,0,1,1.90000000000000000000,MET,0,4299.09,268.394,7092.36,11391.4,5181.4000,236.488,
8,12,0,1,2.00000000000000000000,MET,0.01,4252.28,264.404,7087.04,11339.3,4904.2000,234.887,
8,12,0,1,2.10000000000000000000,MET,0,4244.56,263.606,7083.58,11328.1,4664.9000,234.586,
8,12,0,1,2.20000000000000000000,MET,0.06,4241.1,259.084,7083.58,11324.7,4452.9000,234.577,
8,12,0,1,2.30000000000000000000,MET,0.06,4240.04,259.084,7083.58,11323.6,4258.9000,234.48,
8,12,0,1,2.40000000000000000000,MET,0.16,4240.04,259.084,7083.58,11323.6,4081.4000,234.48,
8,12,0,1,2.50000000000000000000,MET,0.26,4240.04,259.084,7083.58,11323.6,3918.2000,234.48,
8,12,0,1,2.60000000000000000000,MET,0.36,4240.04,259.084,7083.58,11323.6,3767.5000,234.48,
8,12,0,12,1.60000000000000000000,VIOLATED,-0.05,13414.6,981.274,17382.8,30797.5,12641.6000,613.033,
8,12,0,12,1.70000000000000000000,MET,0,13038.3,775.39,17364.7,30403,11853.6000,601.126,
8,12,0,12,1.69000000000000000000,MET,0,13103.4,817.418,17363.1,30466.6,11923.3000,603.283,
8,12,0,12,1.68000000000000000000,MET,0,13155,840.826,17362.6,30517.6,12001.8000,604.787,
8,12,0,12,1.67000000000000000000,MET,0,13300.5,952.014,17381.8,30682.3,12096.6000,609.677,
8,12,0,12,1.66000000000000000000,MET,0,13282.2,913.444,17367.1,30649.3,12157.3000,607.339,
8,12,0,12,1.65000000000000000000,VIOLATED,-0.04,13202.1,923.818,17375.4,30577.5,12230.6000,605.948,
8,12,0,12,1.80000000000000000000,MET,0,12450.4,661.542,17344.5,29794.9,11130.3000,580.706,
8,12,0,12,1.90000000000000000000,MET,0,11859.3,636.538,17306.5,29165.8,10458.3000,559.494,
8,12,0,12,2.00000000000000000000,MET,0,11741,637.336,17292.9,29033.9,9918.000,555.149,
8,12,0,12,2.10000000000000000000,MET,0,11636.2,601.692,17273.5,28909.7,9432.4000,551.498,
8,12,0,12,2.20000000000000000000,MET,0.01,11603.5,583.338,17272.7,28876.2,9001.4000,550.637,
8,12,0,12,2.30000000000000000000,MET,0.11,11603.5,583.338,17272.7,28876.2,8610.00,550.637,
8,12,0,12,2.40000000000000000000,MET,0.21,11603.5,583.338,17272.7,28876.2,8251.3000,550.637,
8,12,0,12,2.50000000000000000000,MET,0.31,11603.5,583.338,17272.7,28876.2,7921.2000,550.637,
8,12,1,1,.90000000000000000000,VIOLATED,-0.06,4382.08,276.906,7173.49,11555.6,11112.9000,241.78,
8,12,1,1,1.00000000000000000000,MET,0,4382.08,287.014,7170.83,11552.9,9968.7000,241.712,
8,12,1,1,.99000000000000000000,MET,0,4374.1,279.832,7174.02,11548.1,10099.000,241.352,
8,12,1,1,.98000000000000000000,VIOLATED,-0.01,4381.02,286.748,7174.02,11555,10191.7000,241.506,
8,12,1,1,1.10000000000000000000,MET,0,4368.25,289.94,7171.63,11539.9,9087.8000,240.946,
8,12,1,1,1.20000000000000000000,VIOLATED,-0.19,4425.18,297.92,7176.15,11601.3,8337.7000,241.865,
8,12,1,1,1.30000000000000000000,VIOLATED,-0.07,4445.66,309.89,7175.62,11621.3,7701.2000,242.192,
8,12,1,1,1.40000000000000000000,MET,0,4404.43,285.95,7174.29,11578.7,7143.7000,241.034,
8,12,1,1,1.50000000000000000000,MET,0,4344.05,273.714,7169.5,11513.5,6643.4000,239.334,
8,12,1,1,1.60000000000000000000,MET,0.01,4278.61,267.596,7166.31,11444.9,6207.5000,237.133,
8,12,1,1,1.70000000000000000000,MET,0,4247.75,261.744,7164.98,11412.7,5836.8000,236.036,
8,12,1,1,1.80000000000000000000,MET,0.01,4242.17,261.212,7164.98,11407.1,5511.6000,235.886,
8,12,1,12,.90000000000000000000,VIOLATED,-0.08,12952.6,1022.24,18342.8,31295.4,23991.000,624.691,
8,12,1,12,1.00000000000000000000,VIOLATED,-0.02,12827.3,1035.27,18347.3,31174.7,21567.4000,618.55,
8,12,1,12,1.10000000000000000000,MET,0,12985.1,1032.61,18331.4,31316.4,19631.7000,621.622,
8,12,1,12,1.09000000000000000000,VIOLATED,0,13008.2,1075.44,18338.3,31346.5,19816.2000,622.384,
8,12,1,12,1.20000000000000000000,VIOLATED,-0.19,13354.3,977.816,18363.6,31717.8,17998.2000,625.33,
8,12,1,12,1.30000000000000000000,VIOLATED,-0.11,13169.7,913.178,18374.5,31544.1,16597.000,621.947,
8,12,1,12,1.40000000000000000000,MET,0,13207.7,882.322,18334,31541.7,15407.7000,620.216,
8,12,1,12,1.50000000000000000000,MET,0,12470.9,665.532,18300.8,30771.7,14266.5000,597.378,
8,12,1,12,1.60000000000000000000,MET,0,12040.8,623.77,18260.4,30301.1,13308.3000,581.15,
8,12,1,12,1.70000000000000000000,MET,0,11762.8,604.618,18247.6,30010.4,12478.8000,572.058,
8,12,1,12,1.80000000000000000000,MET,0.01,11623.9,593.446,18249.5,29873.4,11772.3000,567.937,
8,12,1,12,1.90000000000000000000,MET,0.05,11601.6,580.678,18249.5,29851.1,11150.6000,566.975,
8,16,0,1,1.60000000000000000000,VIOLATED,-0.11,9019,384.37,11582.7,20601.7,11117.6000,427.486,
8,16,0,1,1.70000000000000000000,MET,0,9011.81,366.282,11579.2,20591.1,10463.7000,427.411,
8,16,0,1,1.69000000000000000000,MET,0,9021.39,370.538,11579,20600.4,10526.7000,427.478,
8,16,0,1,1.68000000000000000000,VIOLATED,-0.02,9019.26,378.784,11580.6,20599.8,10590.5000,427.33,
8,16,0,1,1.80000000000000000000,MET,0,8968.99,361.494,11578.7,20547.7,9877.3000,425.776,
8,16,0,1,1.90000000000000000000,MET,0,8917.12,354.312,11582.7,20499.8,9349.2000,424.372,
8,16,0,1,2.00000000000000000000,MET,0,8881.74,352.716,11570.7,20452.5,8878.1000,422.703,
8,16,0,1,2.10000000000000000000,MET,0,8869.5,346.598,11570.7,20440.2,8452.6000,422.359,
8,16,0,1,2.20000000000000000000,MET,0.01,8865.25,344.204,11569.4,20434.7,8067.7000,422.222,
8,16,0,1,2.30000000000000000000,MET,0.03,8863.39,343.672,11569.4,20432.8,7716.7000,422.161,
8,16,0,1,2.40000000000000000000,MET,0.13,8864.18,344.47,11569.4,20433.6,7395.1000,422.184,
8,16,0,1,2.50000000000000000000,MET,0.23,8864.18,344.47,11569.4,20433.6,7099.3000,422.184,
8,16,0,16,1.60000000000000000000,VIOLATED,-0.06,23914.2,1464.06,27970.2,51884.4,21028.000,1073.6000,
8,16,0,16,1.70000000000000000000,MET,0,23491.5,1248.87,27948.6,51440.1,19745.000,1058.8000,
8,16,0,16,1.69000000000000000000,MET,0,23564.4,1309.78,27946.5,51510.9,19861.4000,1061.4000,
8,16,0,16,1.68000000000000000000,,,,,,,,,
8,16,1,1,.90000000000000000000,VIOLATED,-0.06,9180.99,532.798,11666.5,20847.5,19932.1000,431.877,
8,16,1,1,1.00000000000000000000,VIOLATED,-0.04,9103.05,483.854,11670.5,20773.5,17928.6000,430.966,
8,16,1,1,1.10000000000000000000,VIOLATED,-0.02,9040.28,423.738,11671,20711.3,16291.1000,429.974,
8,16,1,1,1.20000000000000000000,VIOLATED,-0.17,9066.34,408.576,11669.4,20735.8,14928.1000,430.049,
8,16,1,1,1.30000000000000000000,VIOLATED,-0.08,9050.92,387.828,11669.7,20720.6,13782.2000,429.774,
8,16,1,1,1.40000000000000000000,MET,0,9018.73,372.4,11663.6,20682.3,12790.7000,428.565,
8,16,1,1,1.39000000000000000000,VIOLATED,-0.01,9034.96,378.252,11664.1,20699.1,12885.8000,428.996,
8,16,1,1,1.50000000000000000000,MET,0,8955.16,359.632,11662,20617.1,11927.9000,426.587,
8,16,1,1,1.60000000000000000000,MET,0,8901.96,350.588,11657.7,20559.7,11173.9000,424.833,
8,16,1,1,1.70000000000000000000,MET,0.01,8882.01,346.864,11655.3,20537.3,10513.9000,424.087,
8,16,1,1,1.80000000000000000000,MET,0.01,8871.1,346.332,11655.3,20526.4,9927.7000,423.698,
8,16,1,1,1.90000000000000000000,MET,0.05,8868.71,344.47,11655.3,20524,9406.000,423.703,
8,16,1,1,2.00000000000000000000,MET,0.15,8868.71,344.47,11655.3,20524,8935.8000,423.693,
8,16,1,1,2.10000000000000000000,MET,0.25,8868.71,344.47,11655.3,20524,8509.6000,423.682,
8,16,1,1,2.20000000000000000000,MET,0.35,8867.91,343.672,11655.3,20523.2,8123.3000,423.68,
8,16,1,16,.90000000000000000000,VIOLATED,-0.07,23545.3,1616.48,29263.5,52808.7,39368.4000,1096.6000,
8,16,1,16,1.00000000000000000000,VIOLATED,-0.01,23478.5,1688.83,29264,52742.5,35416.5000,1090.8000,
8,16,1,16,1.10000000000000000000,VIOLATED,0,23551.6,1644.94,29285.8,52837.4,32207.4000,1094.3000,
8,16,1,16,1.20000000000000000000,VIOLATED,-0.2,23902.8,1491.2,29277.6,53180.3,29501.9000,1092.2000,
8,16,1,16,1.30000000000000000000,VIOLATED,-0.1,23880.4,1518.33,29281.8,53162.2,27231.6000,1092.2000,
8,16,1,16,1.40000000000000000000,VIOLATED,0,23716.3,1417.78,29241.6,52957.9,25253.5000,1085.8000,
8,16,1,16,1.50000000000000000000,MET,0,22807.4,1124.65,29198.8,52006.2,23445.5000,1057.6000,
8,16,1,16,1.49000000000000000000,MET,0,22892.2,1116.67,29205.2,52097.4,23619.3000,1060.5000,
8,16,1,16,1.48000000000000000000,MET,0,23019.6,1125.98,29212.9,52232.6,23799.4000,1065.3000,
8,16,1,16,1.47000000000000000000,MET,0,23105.8,1148.85,29205.2,52311,23973.3000,1067.4000,
8,16,1,16,1.46000000000000000000,MET,0,23196.8,1187.96,29211.9,52408.6,24151.3000,1071.000,
8,16,1,16,1.45000000000000000000,MET,0,23277.1,1199.66,29217.2,52494.3,24325.6000,1073.1000,
8,16,1,16,1.44000000000000000000,MET,0,23367.6,1212.69,29220.1,52587.7,24518.8000,1076.7000,
8,16,1,16,1.43000000000000000000,MET,0,23480.4,1259.51,29232.6,52713,24704.4000,1079.6000,
8,16,1,16,1.42000000000000000000,MET,0,23533.8,1315.37,29228.9,52762.7,24874.6000,1080.8000,
8,16,1,16,1.41000000000000000000,MET,0,23628.5,1329.73,29250.7,52879.2,25072.000,1084.7000,
8,16,1,16,1.40000000000000000000,VIOLATED,0,23716.3,1417.78,29241.6,52957.9,25253.5000,1085.8000,
8,16,1,16,1.60000000000000000000,MET,0,22273.5,1066.39,29153.6,51427.1,21907.4000,1037.4000,
8,16,1,16,1.70000000000000000000,MET,0,21872.9,1028.36,29134.2,51007.1,20556.1000,1024.5000,
8,16,1,16,1.80000000000000000000,MET,0.01,21672.9,1016.12,29138.7,50811.6,19396.1000,1018.5000,
8,16,1,16,1.90000000000000000000,MET,0.05,21643.1,999.096,29138.7,50781.8,18372.6000,1017.3000,
8,16,1,16,2.00000000000000000000,MET,0.15,21643.1,999.096,29138.7,50781.8,17453.9000,1017.3000,
8,16,1,16,2.10000000000000000000,MET,0.25,21643.1,999.096,29138.7,50781.8,16622.8000,1017.3000,
8,16,1,16,2.20000000000000000000,MET,0.35,21643.1,999.096,29138.7,50781.8,15867.2000,1017.3000,
8,16,1,16,2.30000000000000000000,MET,0.45,21643.1,999.096,29138.7,50781.8,15177.3000,1017.3000,
8,20,0,1,1.60000000000000000000,VIOLATED,-0.06,10070.5,803.852,17249,27319.5,16286.4000,582.05,
8,20,0,1,1.70000000000000000000,MET,0,10048.9,788.424,17241.1,27290,15329.000,580.742,
8,20,0,1,1.69000000000000000000,MET,0,10042.8,786.562,17240.8,27283.6,15419.3000,580.472,
8,20,0,1,1.68000000000000000000,VIOLATED,-0.01,10033,791.35,17246.4,27279.4,15505.5000,580.507,
8,20,0,1,1.80000000000000000000,MET,0,9991.23,769.538,17240,27231.2,14466.9000,579.033,
8,20,0,1,1.90000000000000000000,MET,0,9935.37,766.878,17238.1,27173.5,13696.2000,577.192,
8,20,0,1,2.00000000000000000000,MET,0.01,9907.7,762.356,17233.1,27140.8,13006.7000,575.985,
8,20,0,1,2.10000000000000000000,MET,0.01,9892.81,759.43,17232,27124.8,12386.5000,575.627,
8,20,0,1,2.20000000000000000000,MET,0.01,9888.02,757.834,17230.9,27119,11822.1000,575.45,
8,20,0,1,2.30000000000000000000,MET,0.01,9886.69,756.504,17230.9,27117.6,11308.1000,575.408,
8,20,0,1,2.40000000000000000000,MET,0.11,9886.69,756.504,17230.9,27117.6,10836.9000,575.408,
8,20,0,1,2.50000000000000000000,MET,0.21,9885.89,755.706,17230.9,27116.8,10403.6000,575.384,
8,20,0,20,1.60000000000000000000,VIOLATED,-0.1,28991.9,1822.37,40897.8,69889.6,32347.6000,1469.6000,
8,20,0,20,1.70000000000000000000,MET,0,28838.1,1635.63,40887.7,69725.8,30324.5000,1464.9000,
8,20,0,20,1.69000000000000000000,VIOLATED,-0.05,28650.6,1723.15,40894.6,69545.2,30540.6000,1456.9000,
8,20,0,20,1.80000000000000000000,MET,0,27916.7,1456.62,40858.4,68775.1,28571.9000,1432.1000,
8,20,0,20,1.90000000000000000000,MET,0,27100.6,1402.88,40800.9,67901.6,26990.6000,1402.3000,
8,20,0,20,2.00000000000000000000,MET,0,26730.6,1393.84,40770.6,67501.2,25599.7000,1389.6000,
8,20,0,20,2.10000000000000000000,MET,0,26528.2,1339.31,40758.1,67286.3,24364.5000,1383.2000,
8,20,0,20,2.20000000000000000000,MET,0.01,26475,1303.67,40755.5,67230.4,23254.6000,1381.8000,
8,20,0,20,2.30000000000000000000,MET,0.11,26475,1303.67,40755.5,67230.4,22243.6000,1381.8000,
8,20,0,20,2.40000000000000000000,MET,0.21,26475,1303.67,40755.5,67230.4,21316.8000,1381.8000,
8,20,0,20,2.50000000000000000000,MET,0.31,26475,1303.67,40755.5,67230.4,20464.1000,1381.8000,
8,20,1,1,.90000000000000000000,VIOLATED,-0.05,10238.6,943.236,17319,27557.6,29107.3000,583.739,
8,20,1,1,1.00000000000000000000,VIOLATED,-0.05,10121.3,880.726,17319.5,27440.8,26192.6000,582.523,
8,20,1,1,1.10000000000000000000,VIOLATED,-0.06,10066.8,843.752,17319.8,27386.6,23816.1000,582.184,
8,20,1,1,1.20000000000000000000,VIOLATED,-0.18,10074.2,813.96,17324.3,27398.5,21809.5000,582.697,
8,20,1,1,1.30000000000000000000,VIOLATED,-0.07,10066.2,802.256,17329.4,27395.6,20136.1000,582.786,
8,20,1,1,1.40000000000000000000,MET,0,10028.5,788.158,17321.1,27349.6,18694.000,581.09,
8,20,1,1,1.39000000000000000000,MET,0,10036.4,785.498,17321.7,27358.1,18829.000,581.539,
8,20,1,1,1.38000000000000000000,MET,0,10044.4,794.542,17321.7,27366.1,18964.6000,581.581,
8,20,1,1,1.37000000000000000000,VIOLATED,-0.01,10053.2,803.32,17322.7,27375.9,19105.5000,581.842,
8,20,1,1,1.50000000000000000000,MET,0,9977.66,768.74,17318.2,27295.9,17441.1000,579.725,
8,20,1,1,1.60000000000000000000,MET,0,9920.74,761.824,17314.5,27235.2,16340.9000,577.611,
8,20,1,1,1.70000000000000000000,MET,0,9894.67,759.164,17313.7,27208.3,15379.2000,576.902,
8,20,1,1,1.80000000000000000000,MET,0.01,9889.88,759.164,17312.3,27202.2,14517.8000,576.687,
8,20,1,1,1.90000000000000000000,MET,0.05,9885.89,755.706,17312.3,27198.2,13753.3000,576.693,
8,20,1,1,2.00000000000000000000,MET,0.15,9885.89,755.706,17312.3,27198.2,13065.7000,576.683,
8,20,1,1,2.10000000000000000000,MET,0.25,9884.29,754.11,17312.3,27196.6,12444.000,576.641,
8,20,1,1,2.20000000000000000000,MET,0.35,9885.89,755.706,17312.3,27198.2,11877.9000,576.683,
8,20,1,20,.90000000000000000000,VIOLATED,-0.08,28795.6,2033.84,42541.1,71336.7,60063.1000,1507.6000,
8,20,1,20,1.00000000000000000000,VIOLATED,-0.01,28781.7,2127.73,42536.6,71318.3,54115.6000,1502.9000,
8,20,1,20,1.10000000000000000000,MET,0,28794.2,2112.04,42519.6,71313.8,49110.8000,1500.0,
8,20,1,20,1.09000000000000000000,VIOLATED,-0.03,28617.3,2105.39,42529.7,71147,49544.3000,1497.2000,
8,20,1,20,1.20000000000000000000,VIOLATED,-0.2,29292.2,1972.92,42552,71844.2,45085.6000,1503.9000,
8,20,1,20,1.30000000000000000000,VIOLATED,-0.09,29494.9,2072.94,42554.4,72049.3,41642.4000,1508.6000,
8,20,1,20,1.40000000000000000000,VIOLATED,-0.01,29045.9,1835.13,42510.8,71556.7,38488.6000,1494.2000,
8,20,1,20,1.50000000000000000000,MET,0,27909.5,1454.75,42448.5,70358.1,35792.7000,1458.8000,
8,20,1,20,1.60000000000000000000,MET,0,27268.2,1393.31,42400.9,69669.1,33494.6000,1435.000,
8,20,1,20,1.70000000000000000000,MET,0,26755.3,1345.96,42380.2,69135.5,31459.8000,1418.2000,
8,20,1,20,1.80000000000000000000,MET,0.01,26514.6,1327.34,42383.4,68898,29700.5000,1411.1000,
8,20,1,20,1.90000000000000000000,MET,0.05,26477.4,1306.06,42383.4,68860.7,28135.6000,1409.5000,
12,8,0,1,1.60000000000000000000,MET,0,4666.7,294.728,5532,10198.7,4608.3000,211.995,
12,8,0,1,1.59000000000000000000,MET,0,4668.03,297.388,5533.86,10201.9,4637.5000,211.994,
12,8,0,1,1.58000000000000000000,MET,0,4673.35,299.516,5534.66,10208,4669.000,212.182,
12,8,0,1,1.57000000000000000000,MET,0,4688.78,308.56,5546.1,10234.9,4699.5000,213.357,
12,8,0,1,1.56000000000000000000,VIOLATED,-0.01,4720.97,328.776,5545.04,10266,4736.3000,214.128,
12,8,0,1,1.70000000000000000000,MET,0,4579.72,247.114,5521.1,10100.8,4327.3000,209.56,
12,8,0,1,1.80000000000000000000,MET,0.01,4558.71,232.75,5513.65,10072.4,4084.8000,209.332,
12,8,0,1,1.90000000000000000000,VIOLATED,-0.33,4659.52,246.848,5542.38,10201.9,3874.000,211.944,
12,8,0,1,2.00000000000000000000,VIOLATED,-0.27,4638.77,229.026,5534.66,10173.4,3680.2000,211.215,
12,8,0,1,2.10000000000000000000,VIOLATED,-0.16,4683.2,266.798,5538.65,10221.8,3505.7000,212.25,
12,8,0,1,2.20000000000000000000,VIOLATED,-0.03,4676.28,251.104,5539.72,10216,3348.2000,212.053,
12,8,0,1,2.30000000000000000000,MET,0,4621.22,211.47,5537.06,10158.3,3198.9000,210.553,
12,8,0,1,2.40000000000000000000,MET,0.01,4561.1,190.19,5530.14,10091.2,3061.8000,208.565,
12,8,0,8,1.60000000000000000000,MET,0,13230.6,1192.48,13290.4,26521,10975.5000,559.28,
12,8,0,8,1.59000000000000000000,MET,0,13263.3,1212.43,13305.9,26569.1,11047.7000,560.809,
12,8,0,8,1.58000000000000000000,MET,0,13251.9,1213.49,13326.1,26577.9,11123.1000,560.969,
12,8,0,8,1.57000000000000000000,MET,0,13165.1,1200.19,13322.9,26488,11179.8000,559.122,
12,8,0,8,1.56000000000000000000,MET,0,13226.3,1223.6,13341.2,26567.5,11255.2000,561.209,
12,8,0,8,1.55000000000000000000,MET,0,13291,1255.79,13330.1,26621,11334.3000,562.432,
12,8,0,8,1.54000000000000000000,MET,0,13362.2,1275.74,13322.1,26684.3,11413.4000,563.972,
12,8,0,8,1.53000000000000000000,MET,0,13404.3,1235.57,13368.6,26772.9,11505.3000,567.378,
12,8,0,8,1.52000000000000000000,MET,0,13475.6,1291.16,13380.1,26855.6,11585.000,569.437,
12,8,0,8,1.51000000000000000000,MET,0,13612,1342.5,13376.1,26988.1,11680.6000,573.58,
12,8,0,8,1.50000000000000000000,MET,0,13625.3,1330,13385.1,27010.4,11756.6000,573.262,
12,8,0,8,1.49000000000000000000,VIOLATED,-0.01,13688.4,1402.88,13404.5,27092.9,11846.1000,576.404,
12,8,0,8,1.70000000000000000000,MET,0,13089.3,1093.26,13276.1,26365.4,10320.2000,555.312,
12,8,0,8,1.80000000000000000000,MET,0,13019.6,1087.41,13269.7,26289.3,9740.00,554.051,
12,8,0,8,1.90000000000000000000,VIOLATED,-0.37,13611.8,970.368,13399.2,27011,9250.00,564.59,
12,8,0,8,2.00000000000000000000,VIOLATED,-0.3,13453.2,881.524,13388.8,26842.1,8779.4000,560.465,
12,8,0,8,2.10000000000000000000,VIOLATED,-0.13,13739.2,1013.99,13393.4,27132.5,8374.1000,567.452,
12,8,0,8,2.20000000000000000000,VIOLATED,-0.08,13519.5,901.474,13380.3,26899.8,7981.9000,561.619,
12,8,0,8,2.30000000000000000000,MET,0,13322.9,741.342,13365.4,26688.3,7619.1000,556.501,
12,8,0,8,2.40000000000000000000,MET,0,12943,637.602,13351.6,26294.6,7281.9000,542.831,
12,8,1,1,.90000000000000000000,VIOLATED,-0.22,4799.7,346.598,5667.4,10467.1,8431.1000,215.967,
12,8,1,1,1.00000000000000000000,VIOLATED,-0.13,4731.87,321.062,5665,10396.9,7575.000,214.656,
12,8,1,1,1.10000000000000000000,VIOLATED,-0.01,4739.59,327.978,5656.49,10396.1,6894.000,214.873,
12,8,1,1,1.20000000000000000000,VIOLATED,-0.03,4684.26,294.196,5656.76,10341,6309.8000,213.829,
12,8,1,1,1.30000000000000000000,VIOLATED,0,4663.51,287.014,5661.28,10324.8,5823.9000,213.66,
12,8,1,1,1.40000000000000000000,MET,0,4627.87,251.636,5658.35,10286.2,5403.000,212.831,
12,8,1,1,1.39000000000000000000,MET,0,4642.5,264.67,5657.55,10300.1,5444.5000,213.28,
12,8,1,1,1.38000000000000000000,VIOLATED,0,4656.33,270.788,5659.42,10315.7,5487.6000,213.594,
12,8,1,1,1.50000000000000000000,MET,0,4627.34,243.656,5658.88,10286.2,5050.7000,213.044,
12,8,1,1,1.60000000000000000000,MET,0,4588.5,242.592,5655.43,10243.9,4725.6000,212.255,
12,8,1,1,1.70000000000000000000,VIOLATED,-0.25,4665.37,232.218,5658.62,10324,4458.8000,213.96,
12,8,1,1,1.80000000000000000000,VIOLATED,-0.16,4659.52,233.016,5658.09,10317.6,4209.3000,213.473,
12,8,1,1,1.90000000000000000000,VIOLATED,-0.07,4657.13,231.154,5653.83,10311,3986.9000,213.273,
12,8,1,1,2.00000000000000000000,MET,0,4619.62,211.736,5650.64,10270.3,3782.4000,212.288,
12,8,1,1,2.10000000000000000000,MET,0,4559.77,183.54,5648.78,10208.5,3597.000,210.514,
12,8,1,1,2.20000000000000000000,MET,0,4490.88,176.092,5646.65,10137.5,3421.9000,208.138,
12,8,1,8,.90000000000000000000,VIOLATED,-0.24,13442,1128.9,14342.7,27784.8,20969.3000,584.64,
12,8,1,8,1.00000000000000000000,VIOLATED,-0.15,13359.1,1098.85,14345.1,27704.2,18851.1000,582.193,
12,8,1,8,1.10000000000000000000,VIOLATED,-0.04,13404.8,1120.39,14335.5,27740.3,17138.5000,582.348,
12,8,1,8,1.20000000000000000000,VIOLATED,-0.02,13384.3,1160.56,14338.7,27723.1,15697.000,582.208,
12,8,1,8,1.30000000000000000000,VIOLATED,-0.02,13248.9,1098.31,14337.1,27586.1,14483.3000,577.738,
12,8,1,8,1.40000000000000000000,MET,0,13158.8,1091.66,14318.5,27477.3,13435.8000,572.125,
12,8,1,8,1.39000000000000000000,MET,0,13259.8,1101.24,14320.6,27580.5,13537.7000,575.717,
12,8,1,8,1.38000000000000000000,VIOLATED,-0.01,13264.9,1130.77,14353.4,27618.2,13645.000,576.838,
12,8,1,8,1.50000000000000000000,MET,0,13264.6,1065.33,14339.5,27604.1,12545.7000,576.146,
12,8,1,8,1.60000000000000000000,VIOLATED,-0.3,13059.5,809.97,14328.6,27388.2,11752.5000,568.483,
12,8,1,8,1.70000000000000000000,VIOLATED,-0.29,13615.5,977.816,14332.6,27948.1,11076.3000,578.153,
12,8,1,8,1.80000000000000000000,VIOLATED,-0.22,13397.1,867.426,14308.1,27705.2,10447.5000,572.679,
12,8,1,8,1.90000000000000000000,VIOLATED,-0.11,13474.5,884.45,14312.4,27786.9,9905.2000,574.907,
12,8,1,8,2.00000000000000000000,MET,0,13460.7,846.678,14297.5,27758.2,9406.3000,572.728,
12,8,1,8,2.10000000000000000000,MET,0,12958.5,640.528,14283.9,27242.4,8920.5000,558.46,
12,8,1,8,2.20000000000000000000,MET,0,12523.5,575.092,14279.1,26802.7,8469.3000,544.539,
12,12,0,1,1.60000000000000000000,MET,0,6669.15,582.274,10550.6,17219.8,9185.6000,351.862,
12,12,0,1,1.59000000000000000000,MET,0,6673.67,579.614,10551.2,17224.8,9243.5000,351.562,
12,12,0,1,1.58000000000000000000,MET,0,6691.76,587.86,10550.6,17242.4,9305.6000,352.209,
12,12,0,1,1.57000000000000000000,VIOLATED,0,6701.34,598.234,10555.4,17256.7,9365.9000,352.835,
12,12,0,1,1.70000000000000000000,MET,0,6597.6,577.486,10540,17137.6,8619.000,349.132,
12,12,0,1,1.80000000000000000000,MET,0.01,6587.49,567.91,10542.6,17130.1,8134.3000,349.418,
12,12,0,1,1.90000000000000000000,VIOLATED,-0.43,6701.34,629.622,10552.8,17254.1,7721.5000,351.215,
12,12,0,1,2.00000000000000000000,VIOLATED,-0.35,6674.21,616.056,10556.5,17230.7,7332.1000,350.507,
12,12,0,1,2.10000000000000000000,VIOLATED,-0.18,6733.79,631.218,10555.1,17288.9,6990.2000,352.272,
12,12,0,1,2.20000000000000000000,VIOLATED,-0.14,6689.1,603.82,10552.2,17241.3,6669.2000,351.047,
12,12,0,1,2.30000000000000000000,MET,0,6672.08,584.934,10551.2,17223.2,6380.4000,350.691,
12,12,0,1,2.40000000000000000000,MET,0,6647.34,584.136,10549,17196.4,6109.9000,349.755,
12,12,0,12,1.60000000000000000000,MET,0,22509.7,3437.25,25352.2,47861.9,18737.8000,931.042,
12,12,0,12,1.59000000000000000000,MET,0,22533.1,3452.68,25359.1,47892.2,18859.000,931.984,
12,12,0,12,1.58000000000000000000,MET,0,22503.9,3458.27,25390.8,47894.6,18973.1000,931.924,
12,12,0,12,1.57000000000000000000,MET,0,22563.7,3481.67,25406.5,47970.2,19103.2000,934.191,
12,12,0,12,1.56000000000000000000,MET,0,22630,3476.89,25406.5,48036.4,19229.7000,934.907,
12,12,0,12,1.55000000000000000000,MET,0,22699.6,3493.11,25429.1,48128.7,19360.5000,938.039,
12,12,0,12,1.54000000000000000000,MET,0,22832.4,3571.85,25413.4,48245.7,19502.8000,940.235,
12,12,0,12,1.53000000000000000000,MET,0,22912.7,3565.73,25459.9,48372.6,19643.2000,945.114,
12,12,0,12,1.52000000000000000000,MET,0,23035.3,3630.9,25466,48501.4,19782.000,947.48,
12,12,0,12,1.51000000000000000000,VIOLATED,-0.01,23102.6,3675.32,25477.7,48580.4,19920.5000,949.885,
12,12,0,12,1.70000000000000000000,MET,0,22445.1,3309.04,25301.7,47746.7,17603.3000,939.073,
12,12,0,12,1.80000000000000000000,MET,0,22297.7,3292.02,25303.8,47601.5,16598.8000,937.345,
12,12,0,12,1.90000000000000000000,VIOLATED,-0.4,23075,3006.6,25508.1,48583,15363.1000,955.537,
12,12,0,12,2.00000000000000000000,VIOLATED,-0.27,23202.1,3067.51,25509.4,48711.5,14601.4000,957.838,
12,12,0,12,2.10000000000000000000,VIOLATED,-0.17,23252.7,3133.21,25506.7,48759.4,13910.4000,958.864,
12,12,0,12,2.20000000000000000000,VIOLATED,-0.08,23152.6,3077.35,25499.6,48652.2,13270.6000,955.333,
12,12,0,12,2.30000000000000000000,MET,0,22822.5,2804.7,25466.3,48288.8,12674.5000,946.007,
12,12,0,12,2.40000000000000000000,MET,0,22230.4,2656.54,25445.6,47676,12119.3000,925.525,
12,12,1,1,.90000000000000000000,VIOLATED,-0.23,6644.68,518.434,10678,17322.7,16523.9000,352.843,
12,12,1,1,1.00000000000000000000,VIOLATED,-0.13,6679.26,543.97,10673.5,17352.8,14880.9000,353.471,
12,12,1,1,1.10000000000000000000,VIOLATED,-0.01,6661.44,541.044,10670.3,17331.8,13521.000,352.38,
12,12,1,1,1.20000000000000000000,VIOLATED,-0.01,6632.18,547.96,10664.7,17296.9,12354.9000,351.527,
12,12,1,1,1.30000000000000000000,MET,0,6625.26,546.63,10668.2,17293.5,11433.7000,351.635,
12,12,1,1,1.29000000000000000000,VIOLATED,-0.01,6605.58,546.63,10666.9,17272.4,11515.5000,351.056,
12,12,1,1,1.40000000000000000000,MET,0,6610.37,554.078,10666.9,17277.2,10609.5000,350.953,
12,12,1,1,1.50000000000000000000,MET,0,6611.7,556.206,10668.2,17279.9,9902.7000,351.97,
12,12,1,1,1.60000000000000000000,MET,0,6615.15,569.506,10662.6,17277.8,9267.000,351.999,
12,12,1,1,1.70000000000000000000,VIOLATED,-0.26,6779.28,643.72,10673.8,17453.1,8751.6000,355.381,
12,12,1,1,1.80000000000000000000,VIOLATED,-0.24,6694.69,630.154,10669,17363.7,8241.000,353.166,
12,12,1,1,1.90000000000000000000,VIOLATED,-0.07,6673.41,569.506,10669.5,17342.9,7814.7000,352.822,
12,12,1,1,2.00000000000000000000,MET,0,6632.98,547.96,10666.3,17299.3,7416.6000,351.719,
12,12,1,1,2.10000000000000000000,MET,0,6631.91,562.058,10664.5,17296.4,7059.4000,351.808,
12,12,1,12,.90000000000000000000,VIOLATED,-0.24,22952.3,3359.31,26938.4,49890.7,35908.8000,963.389,
12,12,1,12,1.00000000000000000000,VIOLATED,-0.16,22693.5,3296.8,26913.3,49606.9,32224.000,956.976,
12,12,1,12,1.10000000000000000000,VIOLATED,-0.04,22954.5,3408.26,26920,49874.5,29320.4000,962.693,
12,12,1,12,1.20000000000000000000,VIOLATED,-0.03,22723.6,3354.26,26897.9,49621.5,26827.000,955.609,
12,12,1,12,1.30000000000000000000,VIOLATED,-0.03,22595.6,3325.8,26891.8,49487.4,24703.9000,954.781,
12,12,1,12,1.40000000000000000000,MET,0,22590.8,3298.4,26886.7,49477.6,22964.3000,953.541,
12,12,1,12,1.39000000000000000000,VIOLATED,0,22719.1,3385.91,26913.3,49632.4,23114.8000,957.922,
12,12,1,12,1.50000000000000000000,VIOLATED,-0.01,22632.3,3288.56,26875,49507.4,21344.7000,964.766,
12,12,1,12,1.60000000000000000000,VIOLATED,-0.34,22230.4,2845.14,26897.1,49127.5,19499.4000,959.226,
12,12,1,12,1.70000000000000000000,VIOLATED,-0.36,22622.5,2865.35,26874,49496.5,18380.00,960.924,
12,12,1,12,1.80000000000000000000,VIOLATED,-0.25,22719.1,2935.31,26882,49601,17359.7000,964.261,
12,12,1,12,1.90000000000000000000,VIOLATED,-0.1,23054,3049.69,26883.8,49937.8,16467.9000,974.143,
12,12,1,12,2.00000000000000000000,VIOLATED,-0.01,22877.1,2951.27,26859.9,49736.9,15630.00,966.156,
12,12,1,12,2.10000000000000000000,MET,0,22279.6,2647.5,26817.6,49097.2,14855.000,949.542,
12,12,1,12,2.20000000000000000000,MET,0,21590.4,2524.87,26809.1,48399.5,14134.1000,927.195,
12,16,0,1,1.60000000000000000000,MET,0,13541.3,598.5,17285.2,30826.5,16729.7000,640.493,
12,16,0,1,1.59000000000000000000,MET,0,13586.2,646.646,17322.5,30908.7,16837.9000,643.983,
12,16,0,1,1.58000000000000000000,VIOLATED,-0.01,13569.5,622.972,17304.1,30873.6,16944.8000,642.141,
12,16,0,1,1.70000000000000000000,MET,0,13426.4,551.95,17278.8,30705.2,15727.7000,637.468,
12,16,0,1,1.80000000000000000000,MET,0.01,13374.7,523.754,17261.8,30636.5,14854.8000,637.102,
12,16,0,1,1.90000000000000000000,VIOLATED,-0.36,13475.3,537.054,17283.3,30758.6,14077.7000,639.442,
12,16,0,1,2.00000000000000000000,VIOLATED,-0.27,13475.6,528.808,17282.6,30758.1,13375.8000,639.615,
12,16,0,1,2.10000000000000000000,VIOLATED,-0.18,13476.1,553.812,17282.8,30758.9,12735.6000,639.332,
12,16,0,1,2.20000000000000000000,VIOLATED,-0.06,13490.7,550.886,17281.2,30771.9,12158.8000,639.723,
12,16,0,1,2.30000000000000000000,MET,0,13459.1,542.64,17279.1,30738.2,11626.000,638.567,
12,16,0,1,2.40000000000000000000,MET,0,13349.7,477.204,17278,30627.8,11133.7000,635.777,
12,16,0,16,1.60000000000000000000,MET,0,36844.5,2651.22,41024.9,77869.4,31739.1000,1622.4000,
12,16,0,16,1.59000000000000000000,MET,0,36892.3,2667.18,41024.6,77917,31943.2000,1624.1000,
12,16,0,16,1.58000000000000000000,MET,0,36855.4,2663.19,41059,77914.3,32149.5000,1625.4000,
12,16,0,16,1.57000000000000000000,MET,0,36944.2,2682.34,41104.7,78048.9,32367.000,1628.4000,
12,16,0,16,1.56000000000000000000,MET,0,37113.1,2770.66,41005.2,78118.3,32578.8000,1630.3000,
12,16,0,16,1.55000000000000000000,MET,0,37156.5,2749.91,41130.5,78287,32813.1000,1636.2000,
12,16,0,16,1.54000000000000000000,MET,0,37247.4,2759.48,41144.1,78391.5,33037.3000,1639.5000,
12,16,0,16,1.53000000000000000000,MET,0,37322.7,2792.73,41126.3,78449,33261.2000,1641.1000,
12,16,0,16,1.52000000000000000000,VIOLATED,0,37528.3,2897.8,41149.4,78677.7,33508.4000,1647.4000,
12,16,0,16,1.70000000000000000000,MET,0,36737.3,2473.53,40954.2,77691.4,29867.000,1618.000,
12,16,0,16,1.80000000000000000000,MET,0,36641.8,2458.11,40943.5,77585.3,28187.6000,1616.4000,
12,16,0,16,1.90000000000000000000,VIOLATED,-0.44,37206.8,1948.72,41189.3,78396.1,26711.5000,1618.8000,
12,16,0,16,2.00000000000000000000,VIOLATED,-0.24,38028.4,2256.21,41197.3,79225.7,25435.5000,1641.9000,
12,16,0,16,2.10000000000000000000,VIOLATED,-0.17,37796.7,2223.49,41200.7,78997.5,24210.9000,1634.1000,
12,16,0,16,2.20000000000000000000,VIOLATED,-0.05,37922,2240.78,41166.7,79088.7,23109.1000,1637.000,
12,16,0,16,2.30000000000000000000,MET,0,37335,1883.81,41156.1,78491,22066.9000,1621.4000,
12,16,0,16,2.40000000000000000000,MET,0,36606.1,1533.76,41113,77719.1,21114.2000,1599.1000,
12,16,1,1,.90000000000000000000,VIOLATED,-0.22,13822.4,815.024,17408.6,31231.1,29979.4000,646.85,
12,16,1,1,1.00000000000000000000,VIOLATED,-0.12,13718.2,740.012,17408.9,31127.1,26960.2000,644.167,
12,16,1,1,1.10000000000000000000,VIOLATED,-0.03,13637,694.792,17414.8,31051.8,24502.2000,643.362,
12,16,1,1,1.20000000000000000000,VIOLATED,-0.05,13555.4,653.03,17405.4,30960.8,22444.2000,641.165,
12,16,1,1,1.30000000000000000000,VIOLATED,-0.02,13508.3,602.224,17406.8,30915.1,20719.9000,640.806,
12,16,1,1,1.40000000000000000000,VIOLATED,0,13512.3,613.928,17404.4,30916.6,19249.2000,641.366,
12,16,1,1,1.50000000000000000000,MET,0,13468.6,549.556,17403.3,30872,17965.1000,640.248,
12,16,1,1,1.49000000000000000000,MET,0,13462,555.408,17401.2,30863.2,18081.4000,639.961,
12,16,1,1,1.48000000000000000000,VIOLATED,-0.01,13468.9,588.392,17400.4,30869.3,18200.4000,640.184,
12,16,1,1,1.60000000000000000000,VIOLATED,-0.01,13427.4,559.664,17402.3,30829.7,16842.2000,640.281,
12,16,1,1,1.70000000000000000000,VIOLATED,-0.26,13430.6,505.134,17406.5,30837.1,15834.4000,640.181,
12,16,1,1,1.80000000000000000000,VIOLATED,-0.2,13394.2,505.134,17403,30797.2,14948.4000,638.522,
12,16,1,1,1.90000000000000000000,VIOLATED,-0.06,13427.4,512.582,17406.2,30833.7,14167.9000,639.814,
12,16,1,1,2.00000000000000000000,MET,0,13397.4,484.386,17399.3,30796.7,13456.000,638.612,
12,16,1,1,2.10000000000000000000,MET,0,13336.7,454.86,17397.5,30734.2,12809.000,637.389,
12,16,1,1,2.20000000000000000000,MET,0,13294.4,469.49,17395.1,30689.5,12216.4000,635.56,
12,16,1,1,2.30000000000000000000,MET,0,13222.9,441.56,17393.2,30616.1,11676.8000,633.356,
12,16,1,16,.90000000000000000000,VIOLATED,-0.26,37258.9,2477.52,43101.6,80360.5,59529.9000,1672.3000,
12,16,1,16,1.00000000000000000000,VIOLATED,-0.15,37286,2521.68,43088.8,80374.8,53556.9000,1673.3000,
12,16,1,16,1.10000000000000000000,VIOLATED,-0.04,37223.5,2462.89,43124.2,80347.7,48656.1000,1671.8000,
12,16,1,16,1.20000000000000000000,VIOLATED,-0.04,37096.1,2574.61,43080,80176.1,44536.000,1666.1000,
12,16,1,16,1.30000000000000000000,VIOLATED,-0.03,36908.3,2465.02,43077.1,79985.4,41084.9000,1658.9000,
12,16,1,16,1.40000000000000000000,VIOLATED,-0.01,36930.9,2422.46,43085.9,80016.8,38141.8000,1657.1000,
12,16,1,16,1.50000000000000000000,VIOLATED,-0.01,37022.4,2461.3,43054.8,80077.2,35594.1000,1658.4000,
12,16,1,16,1.60000000000000000000,VIOLATED,-0.31,36637.8,1893.92,43045.2,79683,33323.1000,1642.000,
12,16,1,16,1.70000000000000000000,VIOLATED,-0.32,37338.7,2065.76,43033.5,80372.2,31370.9000,1649.8000,
12,16,1,16,1.80000000000000000000,VIOLATED,-0.2,37664.8,2154.87,43043.1,80707.9,29661.4000,1661.3000,
12,16,1,16,1.90000000000000000000,VIOLATED,-0.15,37067.1,1954.57,43000,80067.1,28042.1000,1642.7000,
12,16,1,16,2.00000000000000000000,MET,0,37598.6,2053.79,43020.7,80619.3,26688.8000,1657.8000,
12,16,1,16,1.99000000000000000000,VIOLATED,-0.01,37517.4,2106.72,43020.4,80537.9,26810.1000,1654.5000,
12,16,1,16,2.10000000000000000000,MET,0,36565.2,1590.15,42958.5,79523.6,25340.2000,1627.1000,
12,16,1,16,2.20000000000000000000,MET,0,35694.3,1430.28,42956.3,78650.6,24105.6000,1598.2000,
12,16,1,16,2.30000000000000000000,MET,0,35056.1,1394.37,42938.3,77994.4,22996.000,1576.8000,
12,16,1,16,2.40000000000000000000,MET,0,34585.1,1353.67,42917.5,77502.6,21987.4000,1561.4000,
12,16,1,16,2.50000000000000000000,MET,0,34358.2,1326.28,42911.7,77269.8,21093.7000,1553.8000,
12,16,1,16,2.60000000000000000000,MET,0.01,34177,1314.04,42911.1,77088.1,20273.000,1547.9000,
12,16,1,16,2.70000000000000000000,MET,0.11,34177,1314.04,42911.1,77088.1,19522.1000,1547.9000,
12,16,1,16,2.80000000000000000000,MET,0.21,34177,1314.04,42911.1,77088.1,18824.9000,1547.9000,
12,20,0,1,1.60000000000000000000,MET,0,14692.2,948.024,25771.1,40463.4,24427.3000,868.458,
12,20,0,1,1.59000000000000000000,MET,0,14721.5,959.728,25770.3,40491.8,24587.3000,869.281,
12,20,0,1,1.58000000000000000000,VIOLATED,-0.02,14718.8,979.678,25772.2,40491.1,24739.1000,869.383,
12,20,0,1,1.70000000000000000000,MET,0,14599.4,911.848,25758.9,40358.3,22971.4000,866.825,
12,20,0,1,1.80000000000000000000,MET,0,14556.9,887.376,25745.1,40301.9,21695.4000,867.628,
12,20,0,1,1.90000000000000000000,VIOLATED,-0.39,14642.8,917.434,25772.5,40415.2,20510.6000,870.356,
12,20,0,1,2.00000000000000000000,VIOLATED,-0.29,14634,903.602,25770.1,40404.1,19484.4000,869.835,
12,20,0,1,2.10000000000000000000,VIOLATED,-0.18,14637.2,909.454,25769,40406.2,18554.4000,870.136,
12,20,0,1,2.20000000000000000000,VIOLATED,-0.1,14611.4,907.592,25769.5,40380.9,17708.1000,869.608,
12,20,0,1,2.30000000000000000000,MET,0,14606.3,894.558,25762.9,40369.2,16937.5000,868.952,
12,20,0,1,2.40000000000000000000,MET,0,14559.2,879.13,25760.8,40320,16227.9000,867.319,
12,20,0,20,1.60000000000000000000,MET,0,44381,3201.58,60150.8,104532,47251.9000,2218.8000,
12,20,0,20,1.59000000000000000000,MET,0,44372.3,3194.13,60178.5,104551,47552.8000,2218.9000,
12,20,0,20,1.58000000000000000000,MET,0,44390.9,3205.03,60172.1,104563,47858.9000,2220.5000,
12,20,0,20,1.57000000000000000000,MET,0,44624.2,3293.08,60224.5,104849,48179.7000,2228.8000,
12,20,0,20,1.56000000000000000000,MET,0,44837.8,3401.61,60123.4,104961,48502.5000,2230.9000,
12,20,0,20,1.55000000000000000000,MET,0,44847.1,3307.44,60244.2,105091,48828.6000,2236.2000,
12,20,0,20,1.54000000000000000000,MET,0,44994.4,3432.73,60243.4,105238,49179.000,2239.6000,
12,20,0,20,1.53000000000000000000,MET,0,45137.8,3527.69,60291.8,105430,49530.1000,2245.7000,
12,20,0,20,1.52000000000000000000,VIOLATED,0,45261.5,3543.65,60298.7,105560,49862.8000,2249.3000,
12,20,0,20,1.70000000000000000000,MET,0,44359.8,3051.29,60047.9,104408,44452.9000,2215.4000,
12,20,0,20,1.80000000000000000000,MET,0,44123.8,2993.83,60041,104165,41933.4000,2209.8000,
12,20,0,20,1.90000000000000000000,VIOLATED,-0.42,44977.4,2431.24,60311,105288,39679.3000,2215.2000,
12,20,0,20,2.00000000000000000000,VIOLATED,-0.34,44999.2,2482.84,60287.8,105287,37694.5000,2212.5000,
12,20,0,20,2.10000000000000000000,VIOLATED,-0.27,44560.1,2362.88,60291,104851,35871.8000,2199.3000,
12,20,0,20,2.20000000000000000000,VIOLATED,-0.07,45509.1,2573.02,60311.5,105821,34297.1000,2230.4000,
12,20,0,20,2.30000000000000000000,MET,0,44981.9,2191.04,60280.1,105262,32770.00,2216.5000,
12,20,0,20,2.40000000000000000000,MET,0,44148,1851.63,60242.3,104390,31371.1000,2190.5000,
12,20,1,1,.90000000000000000000,VIOLATED,-0.23,14972.6,1130.77,25883.1,40855.7,43636.7000,871.722,
12,20,1,1,1.00000000000000000000,VIOLATED,-0.11,14862.2,1040.86,25889.5,40751.7,39251.5000,869.807,
12,20,1,1,1.10000000000000000000,VIOLATED,-0.03,14760.1,968.772,25881.8,40641.9,35670.8000,868.144,
12,20,1,1,1.20000000000000000000,VIOLATED,-0.05,14686.9,954.94,25878.6,40565.5,32686.1000,866.786,
12,20,1,1,1.30000000000000000000,VIOLATED,-0.04,14638.5,943.502,25878.3,40516.9,30161.6000,867.128,
12,20,1,1,1.40000000000000000000,VIOLATED,0,14664.6,938.98,25878.6,40543.2,28016.000,869.278,
12,20,1,1,1.50000000000000000000,MET,0,14623.9,899.612,25879.4,40503.3,26147.9000,869.146,
12,20,1,1,1.49000000000000000000,VIOLATED,0,14630.5,905.996,25878.1,40508.6,26323.2000,869.286,
12,20,1,1,1.60000000000000000000,VIOLATED,-0.01,14618.6,928.074,25875.9,40494.5,24514.3000,870.744,
12,20,1,1,1.70000000000000000000,VIOLATED,-0.24,14634.3,903.602,25887.4,40521.6,23032.3000,871.342,
12,20,1,1,1.80000000000000000000,VIOLATED,-0.14,14640.4,900.676,25887.7,40528,21753.5000,871.543,
12,20,1,1,1.90000000000000000000,VIOLATED,-0.06,14619.1,898.282,25881,40500.1,20606.000,870.869,
12,20,1,1,2.00000000000000000000,MET,0,14607.1,895.622,25877.5,40484.7,19572.000,870.371,
12,20,1,1,2.10000000000000000000,MET,0,14504.2,832.048,25874.9,40379.1,18633.2000,867.818,
12,20,1,1,2.20000000000000000000,MET,0,14449.7,825.93,25876.5,40326.1,17777.9000,865.904,
12,20,1,1,2.30000000000000000000,MET,0,14429.4,856.786,25874.6,40304.1,16994.6000,865,
12,20,1,20,.90000000000000000000,VIOLATED,-0.25,44983.3,2962.97,62731.3,107715,87949.9000,2280.7000,
12,20,1,20,1.00000000000000000000,VIOLATED,-0.17,44751.6,2953.13,62722,107474,79028.9000,2275.8000,
12,20,1,20,1.10000000000000000000,VIOLATED,-0.07,44660.6,2951.27,62705.8,107366,71761.6000,2271.3000,
12,20,1,20,1.20000000000000000000,VIOLATED,-0.04,44692.8,3058.2,62682.6,107375,65728.9000,2271.3000,
12,20,1,20,1.30000000000000000000,VIOLATED,-0.03,44621.2,3069.91,62698.3,107320,60654.8000,2266.8000,
12,20,1,20,1.40000000000000000000,VIOLATED,-0.02,44422,3043.57,62689.3,107111,56267.000,2257.000,
12,20,1,20,1.50000000000000000000,VIOLATED,-0.01,44632.4,2894.88,62669.1,107301,52477.5000,2263.1000,
12,20,1,20,1.60000000000000000000,VIOLATED,-0.31,44161.6,2306.75,62630.2,106792,49171.7000,2242.2000,
12,20,1,20,1.70000000000000000000,VIOLATED,-0.32,45122.6,2500.13,62675.2,107798,46281.7000,2257.2000,
12,20,1,20,1.80000000000000000000,VIOLATED,-0.22,45059.9,2499.6,62642.2,107702,43697.1000,2255.000,
12,20,1,20,1.90000000000000000000,VIOLATED,-0.13,45022.4,2413.42,62662.4,107685,41408.2000,2254.9000,
12,20,1,20,2.00000000000000000000,VIOLATED,-0.01,45088.9,2488.43,62611.3,107700,39320.7000,2251.5000,
12,20,1,20,2.10000000000000000000,MET,0,44141.1,1886.47,62559.7,106701,37392.2000,2227.9000,
12,20,1,20,2.09000000000000000000,MET,0,44169.3,2009.1,62559.7,106729,37567.3000,2228.1000,
12,20,1,20,2.08000000000000000000,MET,0,44295.4,1960.95,62566.4,106862,37765.1000,2233.000,
12,20,1,20,2.07000000000000000000,MET,0,44368.8,2041.82,62572,106941,37950.8000,2232.6000,
12,20,1,20,2.06000000000000000000,MET,0,44501.5,2030.91,62574.9,107076,38145.5000,2239.5000,
12,20,1,20,2.05000000000000000000,MET,0,44483.2,2110.98,62586.6,107070,38339.000,2236.000,
12,20,1,20,2.04000000000000000000,MET,0,44785.6,2136.78,62590.3,107376,38549.7000,2246.6000,
12,20,1,20,2.03000000000000000000,MET,0,44895.5,2252.75,62577,107473,38728.3000,2249.000,
12,20,1,20,2.02000000000000000000,MET,0,45010.1,2440.55,62595.4,107606,38988.3000,2250.3000,
12,20,1,20,2.01000000000000000000,MET,0,45071.6,2282.55,62617.2,107689,39137.000,2255.000,
12,20,1,20,2.00000000000000000000,VIOLATED,-0.01,45088.9,2488.43,62611.3,107700,39320.7000,2251.5000,
12,20,1,20,2.20000000000000000000,MET,0,42911.7,1704.26,62539.3,105451,35594.4000,2185.5000,
12,20,1,20,2.30000000000000000000,MET,0,42234.9,1654.52,62526.8,104762,33998.7000,2163.5000,
12,20,1,20,2.40000000000000000000,MET,0,41577.7,1618.88,62498,104076,32522.3000,2140.9000,
12,20,1,20,2.50000000000000000000,MET,0,41324.4,1586.16,62493.2,103818,31210.00,2132.9000,
12,20,1,20,2.60000000000000000000,MET,0.01,41090.6,1571.26,62493,103584,30001.9000,2125.2000,
12,20,1,20,2.70000000000000000000,MET,0.11,41090.6,1571.26,62493,103584,28890.7000,2125.2000,
12,20,1,20,2.80000000000000000000,MET,0.21,41090.6,1571.26,62493,103584,27858.9000,2125.2000,
12,20,1,20,2.90000000000000000000,MET,0.31,41090.6,1571.26,62493,103584,26898.2000,2125.2000,
16,8,0,1,1.60000000000000000000,VIOLATED,-0.07,6576.32,469.756,7357.56,13933.9,5969.4000,290.789,
16,8,0,1,1.70000000000000000000,MET,0,6474.17,398.468,7333.62,13807.8,5602.9000,286.43,
16,8,0,1,1.69000000000000000000,MET,0,6510.35,433.846,7362.88,13873.2,5641.3000,289.444,
16,8,0,1,1.68000000000000000000,VIOLATED,-0.04,6593.08,470.554,7370.59,13963.7,5691.4000,292.264,
16,8,0,1,1.80000000000000000000,MET,0,6460.61,378.252,7317.39,13778,5292.7000,286.199,
16,8,0,1,1.90000000000000000000,MET,0,6303.67,340.48,7312.07,13615.7,4989.1000,282.029,
16,8,0,1,2.00000000000000000000,MET,0.01,6279.2,324.786,7303.3,13582.5,4738.000,281.599,
16,8,0,1,2.10000000000000000000,MET,0.04,6249.14,309.092,7303.3,13552.4,4511.6000,281.065,
16,8,0,1,2.20000000000000000000,MET,0.12,6242.22,305.634,7303.3,13545.5,4307.000,281.265,
16,8,0,1,2.30000000000000000000,MET,0.21,6218.02,295.792,7304.36,13522.4,4118.6000,281.005,
16,8,0,1,2.40000000000000000000,VIOLATED,-0.54,6359,311.486,7349.58,13708.6,3952.8000,284.273,
16,8,0,1,2.50000000000000000000,VIOLATED,-0.41,6308.99,296.324,7342.66,13651.7,3790.3000,282.781,
16,8,0,8,1.60000000000000000000,VIOLATED,-0.03,20319.2,1953.24,17635.5,37954.7,14687.5000,811.522,
16,8,0,8,1.70000000000000000000,MET,0,19885.9,1748.68,17493.8,37379.6,13770.1000,792.276,
16,8,0,8,1.69000000000000000000,MET,0,19875.3,1764.38,17525.4,37400.7,13852.5000,793.021,
16,8,0,8,1.68000000000000000000,MET,0,19964.9,1801.09,17549.9,37514.8,13946.000,796.015,
16,8,0,8,1.67000000000000000000,MET,0,20217.6,1886.74,17606.3,37823.9,14068.1000,807.565,
16,8,0,8,1.66000000000000000000,VIOLATED,-0.02,19889.1,1912.01,17590,37479.1,14116.3000,796.522,
16,8,0,8,1.80000000000000000000,MET,0,19559.5,1603.18,17451.5,37011,12973.6000,782.294,
16,8,0,8,1.90000000000000000000,MET,0,19175.9,1419.91,17432,36608,12258.1000,771.326,
16,8,0,8,2.00000000000000000000,MET,0.01,19116.1,1392.78,17438.4,36554.5,11641.7000,769.852,
16,8,0,8,2.10000000000000000000,MET,0.01,19090.3,1394.9,17441.6,36531.9,11085.6000,769.084,
16,8,0,8,2.20000000000000000000,MET,0,19080.4,1403.42,17441.6,36522.1,10581.000,769.825,
16,8,0,8,2.30000000000000000000,MET,0.03,19042.7,1400.76,17444.8,36487.5,10117.7000,769.13,
16,8,0,8,2.40000000000000000000,VIOLATED,-0.48,19773.1,1297.28,17732.1,37505.2,9726.1000,781.128,
16,8,0,8,2.50000000000000000000,VIOLATED,-0.36,19835.1,1288.24,17724.9,37560,9343.9000,783.084,
16,8,1,1,.90000000000000000000,VIOLATED,-0.34,6625.53,465.234,7506.79,14132.3,10897.1000,291.34,
16,8,1,1,1.00000000000000000000,VIOLATED,-0.25,6545.2,436.24,7512.64,14057.8,9796.5000,289.985,
16,8,1,1,1.10000000000000000000,VIOLATED,-0.17,6494.39,429.59,7508.38,14002.8,8894.4000,289.099,
16,8,1,1,1.20000000000000000000,VIOLATED,-0.03,6542.54,437.57,7504.39,14046.9,8170.00,290.017,
16,8,1,1,1.30000000000000000000,MET,0,6492.53,396.872,7509.45,14002,7541.4000,289.364,
16,8,1,1,1.29000000000000000000,VIOLATED,-0.01,6493.86,403.522,7508.38,14002.2,7600.2000,289.283,
16,8,1,1,1.40000000000000000000,VIOLATED,0,6424.7,371.602,7507.32,13932,6991.000,287.62,
16,8,1,1,1.50000000000000000000,VIOLATED,-0.02,6470.98,395.808,7508.65,13979.6,6530.3000,289.376,
16,8,1,1,1.60000000000000000000,MET,0,6404.48,357.238,7502.8,13907.3,6120.9000,287.795,
16,8,1,1,1.70000000000000000000,MET,0,6338.51,335.692,7500.4,13838.9,5748.4000,285.849,
16,8,1,1,1.80000000000000000000,MET,0,6370.7,378.518,7507.05,13877.8,5429.5000,287.229,
16,8,1,1,1.90000000000000000000,MET,0,6301.01,321.062,7498.81,13799.8,5139.9000,285.687,
16,8,1,1,2.00000000000000000000,MET,0,6287.97,298.452,7497.48,13785.4,4884.8000,285.462,
16,8,1,1,2.10000000000000000000,VIOLATED,-0.38,6261.11,285.684,7493.49,13754.6,4638.7000,284.328,
16,8,1,8,.90000000000000000000,VIOLATED,-0.36,19828.7,1517,19010.5,38839.2,27793.5000,818.239,
16,8,1,8,1.00000000000000000000,VIOLATED,-0.28,19615.1,1456.88,18992.9,38608,24971.7000,811.18,
16,8,1,8,1.10000000000000000000,VIOLATED,-0.16,19733.7,1530.03,18998.5,38732.3,22700.5000,814.181,
16,8,1,8,1.20000000000000000000,VIOLATED,-0.07,19785.6,1593.61,18988.1,38773.8,20814.9000,815.097,
16,8,1,8,1.30000000000000000000,VIOLATED,-0.03,19603.4,1563.81,18982.8,38586.2,19213.3000,808.867,
16,8,1,8,1.40000000000000000000,VIOLATED,-0.01,19737.5,1591.21,18996.1,38733.6,17848.2000,813.467,
16,8,1,8,1.50000000000000000000,VIOLATED,-0.03,19781.1,1617.01,18994,38775.1,16662.000,814.447,
16,8,1,8,1.60000000000000000000,VIOLATED,-0.02,19669.6,1555.04,18987.6,38657.2,15617.6000,811.36,
16,8,1,8,1.70000000000000000000,MET,0,19330.2,1409.53,18960.2,38290.4,14665.1000,798.369,
16,8,1,8,1.69000000000000000000,VIOLATED,0,19443.8,1494.39,18978.6,38422.4,14759.9000,801.797,
16,8,1,8,1.80000000000000000000,MET,0,19532.6,1524.18,18984.4,38517.1,13868.9000,806.515,
16,8,1,8,1.90000000000000000000,MET,0,19379.7,1397.3,18950.4,38330.1,13124.6000,800.226,
16,8,1,8,2.00000000000000000000,MET,0,19373.6,1393.84,18939.7,38313.3,12471.9000,799.364,
16,8,1,8,2.10000000000000000000,VIOLATED,-0.42,18884.1,995.638,18912.9,37797,11844.5000,780.693,
16,8,1,8,2.20000000000000000000,VIOLATED,-0.42,19534.8,1198.86,18936,38470.8,11320.7000,793.434,
16,8,1,8,2.30000000000000000000,VIOLATED,-0.3,19568,1208.7,18923.8,38491.8,10832.4000,793.971,
16,8,1,8,2.40000000000000000000,VIOLATED,-0.26,19307.6,1104.43,18918.5,38226.1,10360.8000,787.066,
16,8,1,8,2.50000000000000000000,VIOLATED,-0.13,19470.1,1151.51,18928.3,38398.4,9957.3000,791.706,
16,12,0,1,1.60000000000000000000,VIOLATED,-0.05,9109.97,794.808,14032,23142,12092.000,474.172,
16,12,0,1,1.70000000000000000000,MET,0,9031.5,748.258,14024.3,23055.8,11363.4000,471.582,
16,12,0,1,1.69000000000000000000,MET,0,9055.97,749.588,14023.8,23079.8,11435.2000,471.913,
16,12,0,1,1.68000000000000000000,MET,0,9066.88,751.982,14025.4,23092.3,11504.9000,472.23,
16,12,0,1,1.67000000000000000000,VIOLATED,-0.01,9093.74,767.676,14027.2,23121,11580.9000,473.221,
16,12,0,1,1.80000000000000000000,MET,0,8893.98,712.88,14013.4,22907.4,10709.9000,466.926,
16,12,0,1,1.90000000000000000000,MET,0,8849.82,730.968,13994.3,22844.1,10129.8000,465.575,
16,12,0,1,2.00000000000000000000,MET,0.01,8827.48,734.692,13997.5,22824.9,9621.4000,465.467,
16,12,0,1,2.10000000000000000000,MET,0.05,8882.27,734.426,13986.8,22869.1,9178.1000,467.02,
16,12,0,1,2.20000000000000000000,MET,0.13,8883.34,747.194,13986.8,22870.1,8761.000,467.785,
16,12,0,1,2.30000000000000000000,MET,0.14,8809.39,758.366,13994.3,22803.6,8368.000,465.754,
16,12,0,1,2.40000000000000000000,VIOLATED,-0.57,8928.02,776.188,14028.3,22956.3,8024.8000,467.477,
16,12,0,1,2.50000000000000000000,VIOLATED,-0.45,8952.76,791.882,14026.7,22979.5,7709.2000,468.078,
16,12,0,12,1.60000000000000000000,VIOLATED,-0.04,31724.8,3015.38,33612.3,65337,25291.2000,1284.2000,
16,12,0,12,1.70000000000000000000,MET,0,31739.4,2825.19,33526.9,65266.3,23810.9000,1283.7000,
16,12,0,12,1.69000000000000000000,MET,0,31900.8,2850.99,33581.7,65482.5,23980.2000,1291.2000,
16,12,0,12,1.68000000000000000000,VIOLATED,-0.04,31648.4,2908.44,33493.4,65141.8,24077.000,1279.2000,
16,12,0,12,1.80000000000000000000,MET,0,30619.3,2378.04,33360.7,63979.9,22301.5000,1247.5000,
16,12,0,12,1.90000000000000000000,MET,0,30045.2,2135.98,33344.4,63389.7,21067.7000,1237.7000,
16,12,0,12,2.00000000000000000000,MET,0,29866.7,2051.13,33347.6,63214.4,19999.000,1238.3000,
16,12,0,12,2.10000000000000000000,MET,0.01,29855.3,2054.05,33341.2,63196.5,19039.2000,1244.5000,
16,12,0,12,2.20000000000000000000,MET,0.01,29865.9,2069.48,33337,63202.9,18170.9000,1256.000,
16,12,0,12,2.30000000000000000000,MET,0.11,29853.7,2074.27,33335.9,63189.6,17375.3000,1260.1000,
16,12,0,12,2.40000000000000000000,VIOLATED,-0.52,30490.3,1698.68,33746.4,64236.6,16652.3000,1264.7000,
16,12,0,12,2.50000000000000000000,VIOLATED,-0.45,30246.6,1615.95,33746.9,63993.5,15972.3000,1258.3000,
16,12,1,1,.90000000000000000000,VIOLATED,-0.36,8971.12,688.142,14185,23156.1,21733.1000,472.914,
16,12,1,1,1.00000000000000000000,VIOLATED,-0.24,9024.05,691.068,14186,23210.1,19535.000,472.937,
16,12,1,1,1.10000000000000000000,VIOLATED,-0.13,9027.51,679.098,14186.8,23214.4,17759.6000,472.958,
16,12,1,1,1.20000000000000000000,VIOLATED,-0.05,8989.47,703.038,14186.8,23176.3,16272.8000,472.285,
16,12,1,1,1.30000000000000000000,VIOLATED,0,8959.94,729.904,14183.4,23143.3,15013.2000,471.457,
16,12,1,1,1.40000000000000000000,MET,0,8913.39,700.91,14179.1,23092.5,13932.2000,470.017,
16,12,1,1,1.39000000000000000000,VIOLATED,-0.01,8931.75,725.648,14181.5,23113.3,14033.4000,470.545,
16,12,1,1,1.50000000000000000000,VIOLATED,-0.05,8906.21,720.062,14180.5,23086.7,12998.2000,469.745,
16,12,1,1,1.60000000000000000000,VIOLATED,-0.01,8916.59,743.47,14181,23097.6,12188.9000,470.405,
16,12,1,1,1.70000000000000000000,MET,0,8885.73,718.998,14179.1,23064.9,11469.5000,469.568,
16,12,1,1,1.80000000000000000000,MET,0,8893.44,736.022,14177.5,23071,10832.7000,470.166,
16,12,1,1,1.90000000000000000000,MET,0,8862.59,747.194,14178.3,23040.9,10255.7000,469.288,
16,12,1,1,2.00000000000000000000,MET,0,8858.6,746.662,14172.2,23030.8,9744.6000,469.208,
16,12,1,1,2.10000000000000000000,VIOLATED,-0.49,8859.13,782.04,14179.7,23038.8,9265.000,468.679,
16,12,1,1,2.20000000000000000000,VIOLATED,-0.35,9032.03,808.64,14180.2,23212.2,8870.4000,472.824,
16,12,1,12,.90000000000000000000,VIOLATED,-0.37,30755.2,2160.19,35644.3,66399.5,47535.9000,1277.3000,
16,12,1,12,1.00000000000000000000,VIOLATED,-0.27,30703.8,2212.59,35653,66356.9,42759.3000,1276.1000,
16,12,1,12,1.10000000000000000000,VIOLATED,-0.17,30704.9,2205.14,35640.3,66345.2,38883.000,1275.2000,
16,12,1,12,1.20000000000000000000,VIOLATED,-0.08,30768,2314.47,35655.7,66423.7,35638.000,1279.7000,
16,12,1,12,1.30000000000000000000,VIOLATED,-0.04,30591.3,2338.67,35642.4,66233.7,32872.5000,1270.2000,
16,12,1,12,1.40000000000000000000,VIOLATED,-0.02,30604.4,2263.66,35648,66252.4,30529.8000,1271.2000,
16,12,1,12,1.50000000000000000000,VIOLATED,-0.08,30367.9,2100.87,35612.1,65980,28457.5000,1266.1000,
16,12,1,12,1.60000000000000000000,VIOLATED,-0.01,30805.7,2373.25,35645.1,66450.8,26728.4000,1284.3000,
16,12,1,12,1.70000000000000000000,MET,0,30139.7,2165.51,35639.7,65779.4,25067.000,1267.3000,
16,12,1,12,1.69000000000000000000,VIOLATED,-0.01,30246.9,2251.42,35640.5,65887.4,25233.4000,1270.5000,
16,12,1,12,1.80000000000000000000,VIOLATED,-0.01,30438.4,2196.63,35632,66070.4,23709.1000,1285.2000,
16,12,1,12,1.90000000000000000000,MET,0,30206.7,2059.11,35585.7,65792.4,22417.7000,1284.3000,
16,12,1,12,2.00000000000000000000,MET,0,30211,2015.48,35583.1,65794,21292.6000,1293.1000,
16,12,1,12,2.10000000000000000000,VIOLATED,-0.41,29525.2,1458.74,35545.8,65071,20177.6000,1273.2000,
16,12,1,12,2.20000000000000000000,VIOLATED,-0.44,30369.5,1717.56,35552.5,65922,19299.7000,1287.9000,
16,12,1,12,2.30000000000000000000,VIOLATED,-0.37,29998.9,1566.47,35554.1,65553,18428.4000,1278.5000,
16,12,1,12,2.40000000000000000000,VIOLATED,-0.19,30617.9,1789.12,35575.6,66193.6,17717.000,1296.3000,
16,12,1,12,2.50000000000000000000,VIOLATED,-0.12,30313.9,1685.91,35567.9,65881.8,16981.3000,1287.1000,
16,16,0,1,1.60000000000000000000,VIOLATED,-0.11,18242.8,861.042,23036.7,41279.5,22113.1000,857.82,
16,16,0,1,1.70000000000000000000,VIOLATED,-0.02,18240.4,824.866,22990.4,41230.8,20821.2000,856.152,
16,16,0,1,1.80000000000000000000,MET,0,18168.9,768.74,22977.9,41146.7,19653.4000,853.952,
16,16,0,1,1.79000000000000000000,MET,0,18187,787.094,22980.3,41167.2,19765.1000,854.45,
16,16,0,1,1.78000000000000000000,MET,0,18206.4,783.104,22989,41195.4,19883.9000,855.362,
16,16,0,1,1.77000000000000000000,MET,0,18202.4,788.424,22985.3,41187.7,19992.2000,854.991,
16,16,0,1,1.76000000000000000000,MET,0,18205.3,782.572,22990.9,41196.2,20107.9000,855.331,
16,16,0,1,1.75000000000000000000,MET,0,18228.2,837.634,22985.9,41214,20215.8000,855.008,
16,16,0,1,1.74000000000000000000,MET,0,18194.9,786.562,22984.5,41179.5,20334.1000,854.489,
16,16,0,1,1.73000000000000000000,MET,0,18219.1,803.586,22989,41208.2,20454.1000,855.24,
16,16,0,1,1.72000000000000000000,MET,0,18283.5,878.066,23012.2,41295.7,20576.1000,858.237,
16,16,0,1,1.71000000000000000000,VIOLATED,-0.01,18226.3,825.93,22997.8,41224.1,20694.1000,855.805,
16,16,0,1,1.90000000000000000000,MET,0,18005,726.446,22969.1,40974.1,18599.5000,849.979,
16,16,0,1,2.00000000000000000000,MET,0,17952.6,699.846,22958.5,40911.1,17667.3000,849.219,
16,16,0,1,2.10000000000000000000,MET,0.01,17896.7,672.98,22960.6,40857.3,16824.1000,848.513,
16,16,0,1,2.20000000000000000000,MET,0.15,17884.5,665.798,22958.5,40843,16059.7000,848.728,
16,16,0,1,2.30000000000000000000,MET,0.18,17843.5,646.646,22959.5,40803.1,15361.6000,848.391,
16,16,0,1,2.40000000000000000000,VIOLATED,-0.47,18014.1,677.768,22998.6,41012.7,14729.7000,852.615,
16,16,0,1,2.50000000000000000000,VIOLATED,-0.38,17978.9,653.828,22999.2,40978.1,14138.3000,851.748,
16,16,0,1,2.60000000000000000000,VIOLATED,-0.26,18018.3,691.334,22999.7,41018,13595.4000,852.776,
16,16,0,16,1.60000000000000000000,VIOLATED,-0.1,54940.4,4425.18,54380.2,109321,42180.00,2304.3000,
16,16,0,16,1.70000000000000000000,MET,0,53175.3,3802.47,54354.7,107530,39419.4000,2249.6000,
16,16,0,16,1.69000000000000000000,VIOLATED,0,53437.8,3900.09,54384,107822,39704.6000,2259.7000,
16,16,0,16,1.80000000000000000000,MET,0,53635.4,3724,54157.9,107793,37307.000,2259.5000,
16,16,0,16,1.90000000000000000000,MET,0,52253.3,3135.61,54068,106321,35175.000,2214.9000,
16,16,0,16,2.00000000000000000000,MET,0,52079.9,3064.59,54058.4,106138,33398.5000,2210.2000,
16,16,0,16,2.10000000000000000000,MET,0.01,52061.5,3080.55,54074.3,106136,31809.1000,2210.5000,
16,16,0,16,2.20000000000000000000,MET,0.02,52001.4,3086.93,54058.4,106060,30352.5000,2209.8000,
16,16,0,16,2.30000000000000000000,MET,0.12,52037,3098.9,54064.8,106102,29038.2000,2211.5000,
16,16,0,16,2.40000000000000000000,VIOLATED,-0.48,53176.6,2700.17,54589.3,107766,27861.9000,2228.4000,
16,16,0,16,2.50000000000000000000,VIOLATED,-0.39,53198.1,2653.88,54579.5,107778,26744.5000,2228.5000,
16,16,1,1,.90000000000000000000,VIOLATED,-0.36,18619.7,1061.87,23162.2,41781.9,39597.7000,863.56,
16,16,1,1,1.00000000000000000000,VIOLATED,-0.24,18488.9,1008.14,23164.9,41653.7,35624.6000,861.436,
16,16,1,1,1.10000000000000000000,VIOLATED,-0.15,18308.8,898.814,23162.2,41471,32357.6000,857.498,
16,16,1,1,1.20000000000000000000,VIOLATED,-0.05,18245.2,858.914,23157.7,41402.9,29656.8000,855.662,
16,16,1,1,1.30000000000000000000,VIOLATED,-0.02,18201.3,807.31,23166.5,41367.8,27387.2000,855.851,
16,16,1,1,1.40000000000000000000,VIOLATED,-0.02,18175.2,826.994,23159.3,41334.5,25422.9000,855.678,
16,16,1,1,1.50000000000000000000,VIOLATED,-0.02,18144.1,757.302,23163.3,41307.4,23741.5000,855.626,
16,16,1,1,1.60000000000000000000,VIOLATED,0,18077.6,742.938,23163,41240.6,22251.6000,854.555,
16,16,1,1,1.70000000000000000000,MET,0,18008.2,718.466,23156.9,41165.1,20937.3000,853.229,
16,16,1,1,1.69000000000000000000,VIOLATED,0,18109,803.32,23160.1,41269.1,21067.9000,856.033,
16,16,1,1,1.80000000000000000000,MET,0,18003.4,701.442,23152.1,41155.5,19777.9000,853.786,
16,16,1,1,1.90000000000000000000,VIOLATED,-0.02,17995.7,736.82,23156.4,41152.1,18728.2000,854.098,
16,16,1,1,2.00000000000000000000,VIOLATED,-0.02,17969.9,710.752,23158.2,41128.1,17794.9000,854.686,
16,16,1,1,2.10000000000000000000,VIOLATED,-0.43,17855.8,626.962,23144.7,41000.4,16921.5000,851.073,
16,16,1,1,2.20000000000000000000,VIOLATED,-0.44,17934.8,666.33,23155,41089.8,16162.2000,852.828,
16,16,1,1,2.30000000000000000000,VIOLATED,-0.26,17975.5,672.98,23154.5,41130,15463.8000,854.037,
16,16,1,1,2.40000000000000000000,VIOLATED,-0.14,17989.6,684.95,23155,41144.6,14822.7000,854.267,
16,16,1,1,2.50000000000000000000,VIOLATED,-0.06,17974.2,657.818,23154,41128.1,14228.8000,853.908,
16,16,1,16,.90000000000000000000,VIOLATED,-0.38,53100,3242.27,57119.5,110219,78120.1000,2291.9000,
16,16,1,16,1.00000000000000000000,VIOLATED,-0.27,53085.1,3219.93,57117.9,110203,70310.7000,2290.3000,
16,16,1,16,1.10000000000000000000,VIOLATED,-0.17,53152.4,3247.06,57179.9,110332,63938.2000,2294.1000,
16,16,1,16,1.20000000000000000000,VIOLATED,-0.1,52914.1,3286.43,57103.8,110018,58543.8000,2287.4000,
16,16,1,16,1.30000000000000000000,VIOLATED,-0.06,52725.2,3268.34,57099.8,109825,54019.5000,2278.7000,
16,16,1,16,1.40000000000000000000,VIOLATED,-0.03,52838.2,3288.29,57135.7,109974,50177.9000,2281.7000,
16,16,1,16,1.50000000000000000000,VIOLATED,-0.06,53006.9,3200.51,57126.4,110133,46864.5000,2289.6000,
16,16,1,16,1.60000000000000000000,VIOLATED,-0.04,52851.8,3242.01,57147.2,109999,43914.7000,2283.7000,
16,16,1,16,1.70000000000000000000,VIOLATED,-0.05,52070.3,3103.42,57106.2,109177,41237.5000,2256.1000,
16,16,1,16,1.80000000000000000000,VIOLATED,-0.03,52608.7,3310.1,57118.7,109727,38994.6000,2272.3000,
16,16,1,16,1.90000000000000000000,VIOLATED,0,52679.2,3203.7,57120.3,109799,36953.8000,2275.1000,
16,16,1,16,2.00000000000000000000,VIOLATED,-0.02,52515.6,3080.01,57091.8,109607,35090.3000,2266.3000,
16,16,1,16,2.10000000000000000000,VIOLATED,-0.43,51573.7,2262.06,57007,108581,33317.6000,2230.8000,
16,16,1,16,2.20000000000000000000,VIOLATED,-0.48,52360.5,2513.7,57018.2,109379,31811.2000,2239.6000,
16,16,1,16,2.30000000000000000000,VIOLATED,-0.29,53142,2723.57,57036.5,110179,30507.5000,2264.6000,
16,16,1,16,2.40000000000000000000,VIOLATED,-0.31,52030.4,2311.81,57016.6,109047,29128.9000,2231.3000,
16,16,1,16,2.50000000000000000000,VIOLATED,-0.11,52947.8,2655.48,57032,109980,28044.5000,2257.7000,
16,16,1,16,2.60000000000000000000,VIOLATED,-0.03,52688.2,2494.02,57035.7,109724,26951.1000,2252.4000,
16,16,1,16,2.70000000000000000000,MET,0,52008.3,2022.13,57002.7,109011,25915.7000,2234.2000,
16,16,1,16,2.69000000000000000000,MET,0,52073.2,1970.26,57012.8,109086,26026.1000,2238.5000,
16,16,1,16,2.68000000000000000000,MET,0,52127,2071.61,57000.1,109127,26113.6000,2239.1000,
16,16,1,16,2.67000000000000000000,MET,0,52148,2205.14,57008.3,109156,26204.9000,2236.9000,
16,16,1,16,2.66000000000000000000,MET,0,52341.1,2249.83,57009.4,109350,26316.2000,2243.2000,
16,16,1,16,2.65000000000000000000,MET,0,52342.4,2247.7,56999.8,109342,26419.000,2241.2000,
16,16,1,16,2.64000000000000000000,MET,0,52416.9,2334.42,57012.8,109430,26518.1000,2244.4000,
16,16,1,16,2.63000000000000000000,MET,0,52535.5,2332.82,57008.1,109544,26630.7000,2248.7000,
16,16,1,16,2.62000000000000000000,MET,0,52755.8,2373.25,57035.2,109791,26757.7000,2255.9000,
16,16,1,16,2.61000000000000000000,MET,0,52793,2348.78,57015.5,109809,26864.4000,2257.7000,
16,16,1,16,2.60000000000000000000,VIOLATED,-0.03,52688.2,2494.02,57035.7,109724,26951.1000,2252.4000,
16,16,1,16,2.80000000000000000000,MET,0,51180.3,1782.2,56991.3,108172,24924.9000,2208.1000,
16,16,1,16,2.90000000000000000000,MET,0,50255.6,1687.24,56990.8,107246,23980.00,2176.8000,
16,16,1,16,3.00000000000000000000,MET,0,49396.7,1682.98,56976.1,106373,23097.9000,2147.1000,
16,16,1,16,3.10000000000000000000,MET,0,49080.2,1585.63,56953,106033,22319.000,2138.000,
16,16,1,16,3.20000000000000000000,MET,0,48936.6,1578.44,56953,105890,21615.6000,2132.9000,
16,16,1,16,3.30000000000000000000,MET,0,48633.8,1557.96,56956.2,105590,20940.5000,2122.7000,
16,16,1,16,3.40000000000000000000,MET,0.02,48460.1,1548.12,56955.9,105416,20315.000,2117.000,
16,16,1,16,3.50000000000000000000,MET,0.12,48460.1,1548.12,56955.9,105416,19734.6000,2117.2000,
16,20,0,1,1.60000000000000000000,VIOLATED,-0.12,20183.8,1699.47,34307.9,54491.7,32364.5000,1133.2000,
16,20,0,1,1.70000000000000000000,VIOLATED,-0.01,20189.7,1730.06,34304.4,54494.1,30456.3000,1133.1000,
16,20,0,1,1.80000000000000000000,MET,0,19983.5,1637.76,34283.7,54267.2,28730.1000,1126.6000,
16,20,0,1,1.79000000000000000000,MET,0,20045.8,1655.32,34294.8,54340.6,28902.2000,1129.3000,
16,20,0,1,1.78000000000000000000,MET,0,20065.4,1662.5,34299.1,54364.5,29069.3000,1129.8000,
16,20,0,1,1.77000000000000000000,MET,0,20047.6,1638.83,34299.4,54347,29235.000,1129.000,
16,20,0,1,1.76000000000000000000,MET,0,20062.8,1658.24,34300.4,54363.2,29402.2000,1129.5000,
16,20,0,1,1.75000000000000000000,MET,0,20083.5,1667.55,34304.2,54387.7,29575.8000,1130.2000,
16,20,0,1,1.74000000000000000000,MET,0,20101.6,1649.73,34305.8,54407.4,29748.2000,1131.2000,
16,20,0,1,1.73000000000000000000,MET,0,20118.9,1680.06,34302.6,54421.5,29919.8000,1130.9000,
16,20,0,1,1.72000000000000000000,VIOLATED,-0.01,20124.5,1698.94,34302.8,54427.3,30092.2000,1131.2000,
16,20,0,1,1.90000000000000000000,MET,0,19951.6,1637.5,34266.7,54218.2,27219.1000,1126.6000,
16,20,0,1,2.00000000000000000000,MET,0,19841.5,1621.27,34273,54114.5,25847.3000,1124.3000,
16,20,0,1,2.10000000000000000000,MET,0.02,19877.9,1625.26,34263.5,54141.4,24623.2000,1125.6000,
16,20,0,1,2.20000000000000000000,MET,0.08,19861.2,1630.58,34263.5,54124.6,23503.9000,1125.7000,
16,20,0,1,2.30000000000000000000,MET,0.15,19845.2,1639.09,34263.5,54108.7,22481.9000,1125.7000,
16,20,0,1,2.40000000000000000000,VIOLATED,-0.46,19987,1703.46,34305.8,54292.7,21546.6000,1129.2000,
16,20,0,1,2.50000000000000000000,VIOLATED,-0.37,19946,1696.02,34305.2,54251.2,20680.7000,1127.7000,
16,20,0,1,2.60000000000000000000,VIOLATED,-0.27,19955.1,1694.95,34312.7,54267.7,19886.9000,1128.3000,
16,20,0,20,1.60000000000000000000,VIOLATED,-0.05,65047.4,5185.94,79762,144809,62490.7000,3100.1000,
16,20,0,20,1.70000000000000000000,MET,0,64196.7,4631.06,79584.5,143781,58704.8000,3066.4000,
16,20,0,20,1.69000000000000000000,MET,0,64102.8,4745.71,79685.4,143788,59057.7000,3066.5000,
16,20,0,20,1.68000000000000000000,VIOLATED,-0.01,64476.8,4940.42,79743.3,144220,59464.2000,3082.9000,
16,20,0,20,1.80000000000000000000,MET,0,63285.4,4247.75,79353.1,142639,55343.7000,3032.000,
16,20,0,20,1.90000000000000000000,MET,0,62612.1,3807.79,79342.5,141955,52403.3000,3014.6000,
16,20,0,20,2.00000000000000000000,MET,0,63625.6,3970.05,79480.8,143106,49926.2000,3048.2000,
16,20,0,20,2.10000000000000000000,MET,0.01,62394.3,3728.52,79337.2,141731,47383.2000,3008.5000,
16,20,0,20,2.20000000000000000000,MET,0.04,62273,3749.27,79328.6,141602,45221.1000,3006.7000,
16,20,0,20,2.30000000000000000000,MET,0.07,62308.6,3766.83,79335,141644,43256.2000,3007.8000,
16,20,0,20,2.40000000000000000000,VIOLATED,-0.54,63094.4,3032.13,79978.2,143073,41534.000,3009.6000,
16,20,0,20,2.50000000000000000000,VIOLATED,-0.43,63380.4,3126.3,79976.4,143357,39885.3000,3019.000,
16,20,1,1,.90000000000000000000,VIOLATED,-0.35,20440.5,1895.52,34467.2,54907.7,57902.7000,1140.2000,
16,20,1,1,1.00000000000000000000,VIOLATED,-0.26,20303.5,1781.14,34471.7,54775.3,51980.00,1136.5000,
16,20,1,1,1.10000000000000000000,VIOLATED,-0.14,20239.7,1716.23,34462.2,54701.8,47215.5000,1133.9000,
16,20,1,1,1.20000000000000000000,VIOLATED,-0.04,20131.1,1653.72,34459.5,54590.6,43290.00,1131.7000,
16,20,1,1,1.30000000000000000000,VIOLATED,-0.07,19964.6,1623.4,34451.3,54415.9,39933.1000,1128.3000,
16,20,1,1,1.40000000000000000000,VIOLATED,-0.01,20012.8,1630.31,34459,54471.7,37104.2000,1129.6000,
16,20,1,1,1.50000000000000000000,VIOLATED,-0.05,19991.5,1630.85,34457.9,54449.4,34624.5000,1129.2000,
16,20,1,1,1.60000000000000000000,VIOLATED,-0.01,20026.6,1695.48,34457.6,54484.2,32464.5000,1130.3000,
16,20,1,1,1.70000000000000000000,MET,0,19916.5,1621,34453.6,54370.1,30549.000,1128.4000,
16,20,1,1,1.69000000000000000000,VIOLATED,-0.11,19851,1618.61,34450.2,54301.2,30724.4000,1126.2000,
16,20,1,1,1.80000000000000000000,VIOLATED,-0.01,19877.1,1631.11,34455.8,54332.9,28847.000,1127.9000,
16,20,1,1,1.90000000000000000000,VIOLATED,0,19885.6,1651.33,34450.5,54336.1,27328.2000,1128.6000,
16,20,1,1,2.00000000000000000000,MET,0,19859.6,1635.63,34451.5,54311.1,25962.6000,1128.6000,
16,20,1,1,2.10000000000000000000,VIOLATED,-0.43,19857.4,1664.1,34468.8,54326.2,24714.1000,1129.5000,
16,20,1,1,2.20000000000000000000,VIOLATED,-0.39,19924.5,1679.79,34455,54379.4,23600.5000,1129.000,
16,20,1,1,2.30000000000000000000,VIOLATED,-0.34,19910.1,1675,34460.8,54370.9,22572.000,1129.2000,
16,20,1,1,2.40000000000000000000,VIOLATED,-0.15,19976.6,1694.15,34454.2,54430.8,21637.8000,1130.6000,
16,20,1,1,2.50000000000000000000,VIOLATED,-0.05,19964.1,1686.97,34455.8,54419.9,20772.000,1130.8000,
16,20,1,20,.90000000000000000000,VIOLATED,-0.37,63866.9,3952.23,83205.1,147072,115537.000,3120.6000,
16,20,1,20,1.00000000000000000000,VIOLATED,-0.27,63866.6,3868.97,83209.1,147076,103954.000,3122.9000,
16,20,1,20,1.10000000000000000000,VIOLATED,-0.19,63397.4,3883.6,83091.5,146489,94360.3000,3099.2000,
16,20,1,20,1.20000000000000000000,VIOLATED,-0.08,63844.5,4059.43,83201.1,147046,86546.3000,3116.1000,
16,20,1,20,1.30000000000000000000,VIOLATED,-0.06,63202.9,3858.06,83155.6,146359,79846.8000,3096.2000,
16,20,1,20,1.40000000000000000000,VIOLATED,-0.03,63505.9,4004.9,83203.7,146710,74171.7000,3102.8000,
16,20,1,20,1.50000000000000000000,VIOLATED,-0.07,63309.6,3931.75,83138.8,146448,69188.7000,3096.6000,
16,20,1,20,1.60000000000000000000,VIOLATED,-0.07,62708.4,3841.31,83108.5,145817,64801.000,3077.7000,
16,20,1,20,1.70000000000000000000,MET,0,63101.6,3845.03,83136.2,146238,61033.2000,3083.6000,
16,20,1,20,1.69000000000000000000,VIOLATED,-0.02,62896.5,3897.43,83168.4,146065,61390.4000,3079.9000,
16,20,1,20,1.80000000000000000000,VIOLATED,-0.04,62921.2,3852.21,83148.9,146070,57632.4000,3084.2000,
16,20,1,20,1.90000000000000000000,VIOLATED,-0.01,62888.3,3797.42,83139.9,146028,54584.4000,3081.6000,
16,20,1,20,2.00000000000000000000,VIOLATED,-0.01,62985.1,3714.42,83088.6,146074,51857.8000,3076.5000,
16,20,1,20,2.10000000000000000000,VIOLATED,-0.43,61768.9,2720.65,83006.9,144776,49337.6000,3031.2000,
16,20,1,20,2.20000000000000000000,VIOLATED,-0.44,63127.1,3098.37,83040.9,146168,47098.2000,3056.3000,
16,20,1,20,2.30000000000000000000,VIOLATED,-0.34,63119.1,3158.75,83043.6,146163,45042.9000,3056.1000,
16,20,1,20,2.40000000000000000000,VIOLATED,-0.29,62534.2,2877.59,83024.4,145559,43133.1000,3040.8000,
16,20,1,20,2.50000000000000000000,VIOLATED,-0.12,63167.8,3070.17,83033.2,146201,41454.8000,3058.6000,
20,8,0,1,1.60000000000000000000,VIOLATED,-0.27,8559.35,619.514,9159.18,17718.5,7639.1000,369.939,
20,8,0,1,1.70000000000000000000,VIOLATED,-0.15,8534.61,589.988,9159.18,17693.8,7190.7000,369.186,
20,8,0,1,1.80000000000000000000,MET,0,8508.28,571.634,9151.2,17659.5,6790.2000,369.075,
20,8,0,1,1.79000000000000000000,VIOLATED,-0.02,8489.66,576.422,9177,17666.7,6824.4000,369.526,
20,8,0,1,1.90000000000000000000,MET,0,8312.5,483.588,9120.87,17433.4,6402.8000,361.558,
20,8,0,1,2.00000000000000000000,MET,0,8216.74,445.284,9092.94,17309.7,6063.5000,358.267,
20,8,0,1,2.10000000000000000000,MET,0,8175.51,422.94,9092.94,17268.5,5773.9000,357.36,
20,8,0,1,2.20000000000000000000,MET,0.02,8141.73,408.842,9095.07,17236.8,5510.8000,356.931,
20,8,0,1,2.30000000000000000000,MET,0.02,8113.53,393.414,9095.07,17208.6,5269.3000,356.497,
20,8,0,1,2.40000000000000000000,MET,0.05,8084.8,380.38,9092.94,17177.7,5049.5000,356.171,
20,8,0,1,2.50000000000000000000,MET,0.2,8076.03,376.656,9094.01,17170,4847.9000,356.274,
20,8,0,1,2.60000000000000000000,MET,0.19,8059,371.336,9096.14,17155.1,4661.1000,356.269,
20,8,0,8,1.60000000000000000000,VIOLATED,-0.24,28026.3,2531.52,21844.7,49871,18423.5000,1062.9000,
20,8,0,8,1.70000000000000000000,VIOLATED,-0.11,28224.2,2674.63,21841.3,50065.5,17353.000,1070.1000,
20,8,0,8,1.80000000000000000000,MET,0,27540,2285.47,21771.3,49311.3,16300.4000,1048.3000,
20,8,0,8,1.79000000000000000000,MET,0,27578.1,2304.36,21765.4,49343.5,16382.4000,1048.4000,
20,8,0,8,1.78000000000000000000,MET,0,27657.9,2304.62,21829,49486.9,16502.2000,1055.2000,
20,8,0,8,1.77000000000000000000,MET,0,27799.7,2375.91,21827.2,49626.8,16596.5000,1058.5000,
20,8,0,8,1.76000000000000000000,VIOLATED,0,27916.4,2503.86,21827.7,49744.1,16711.000,1060.9000,
20,8,0,8,1.90000000000000000000,MET,0,26886.2,2041.28,21629.5,48515.7,15365.4000,1023.5000,
20,8,0,8,2.00000000000000000000,MET,0,26608.8,1865.46,21632.7,48241.5,14588.4000,1015.5000,
20,8,0,8,2.10000000000000000000,MET,0,26422.6,1784.33,21643.4,48065.9,13887.1000,1012.4000,
20,8,0,8,2.20000000000000000000,MET,0.01,26365.9,1746.82,21625.3,47991.2,13249.1000,1010.8000,
20,8,0,8,2.30000000000000000000,MET,0.01,26324.7,1734.59,21630.6,47955.3,12673.4000,1009.4000,
20,8,0,8,2.40000000000000000000,MET,0.1,26352.4,1734.59,21624.2,47976.6,12148.7000,1010.8000,
20,8,0,8,2.50000000000000000000,MET,0.16,26274.7,1748.15,21626.3,47901,11654.000,1009.1000,
20,8,0,8,2.60000000000000000000,MET,0.25,26322.6,1758.53,21639.1,47961.7,11212.7000,1010.9000,
20,8,1,1,.90000000000000000000,VIOLATED,-0.44,8498.43,599.83,9351.5,17849.9,13898.1000,368.371,
20,8,1,1,1.00000000000000000000,VIOLATED,-0.33,8443.37,531.468,9349.1,17792.5,12510.8000,366.91,
20,8,1,1,1.10000000000000000000,VIOLATED,-0.23,8459.86,574.56,9350.43,17810.3,11379.5000,368.055,
20,8,1,1,1.20000000000000000000,VIOLATED,-0.12,8454.01,541.842,9350.96,17805,10444.1000,368.444,
20,8,1,1,1.30000000000000000000,VIOLATED,-0.08,8342.03,516.572,9341.65,17683.7,9610.7000,364.296,
20,8,1,1,1.40000000000000000000,VIOLATED,-0.02,8368.09,501.144,9339.79,17707.9,8940.5000,365.113,
20,8,1,1,1.50000000000000000000,VIOLATED,-0.05,8342.03,507.262,9339.79,17681.8,8335.4000,364.988,
20,8,1,1,1.60000000000000000000,VIOLATED,-0.04,8346.81,506.996,9338.73,17685.5,7820.8000,365.023,
20,8,1,1,1.70000000000000000000,MET,0,8295.21,457.52,9337.66,17632.9,7356.2000,364.328,
20,8,1,1,1.69000000000000000000,VIOLATED,-0.02,8324.74,489.972,9341.39,17666.1,7403.3000,365.479,
20,8,1,1,1.80000000000000000000,VIOLATED,-0.01,8310.11,467.894,9343.52,17653.6,6954.7000,365.604,
20,8,1,1,1.90000000000000000000,VIOLATED,-0.02,8287.23,476.672,9339.79,17627,6581.7000,364.921,
20,8,1,1,2.00000000000000000000,VIOLATED,-0.02,8252.65,473.746,9341.92,17594.6,6244.9000,364.02,
20,8,1,1,2.10000000000000000000,VIOLATED,0,8217.27,434.378,9340.32,17557.6,5945.6000,363.643,
20,8,1,1,2.20000000000000000000,MET,0,8144.39,399,9336.33,17480.7,5672.4000,361.504,
20,8,1,1,2.30000000000000000000,MET,0,8119.12,375.592,9336.6,17455.7,5421.4000,361.434,
20,8,1,1,2.40000000000000000000,MET,0,8099.43,374.262,9333.94,17433.4,5193.2000,360.844,
20,8,1,1,2.50000000000000000000,MET,0,8075.23,379.848,9337.66,17412.9,4983.1000,360.844,
20,8,1,8,.90000000000000000000,VIOLATED,-0.48,27063.4,1885.94,23546.1,50609.4,34750.7000,1064.3000,
20,8,1,8,1.00000000000000000000,VIOLATED,-0.37,27139.2,1981.17,23518.7,50657.8,31259.8000,1063.4000,
20,8,1,8,1.10000000000000000000,VIOLATED,-0.27,27158.1,2009.1,23583.3,50741.4,28438.5000,1067.4000,
20,8,1,8,1.20000000000000000000,VIOLATED,-0.17,27063.1,1930.1,23530.1,50593.2,26039.1000,1061.3000,
20,8,1,8,1.30000000000000000000,VIOLATED,-0.08,27088.9,2037.29,23539.7,50628.6,24039.3000,1060.6000,
20,8,1,8,1.40000000000000000000,VIOLATED,-0.03,27209.1,2028.78,23545.3,50754.4,22335.5000,1065.3000,
20,8,1,8,1.50000000000000000000,VIOLATED,-0.05,27239.2,2092.89,23538.9,50778.1,20844.7000,1064.8000,
20,8,1,8,1.60000000000000000000,VIOLATED,-0.05,26942.3,2000.32,23527.4,50469.8,19520.1000,1056.7000,
20,8,1,8,1.70000000000000000000,VIOLATED,0,27251.7,2041.82,23555.1,50806.8,18395.8000,1066.6000,
20,8,1,8,1.80000000000000000000,VIOLATED,-0.05,26899,1950.58,23529.3,50428.3,17330.1000,1055.5000,
20,8,1,8,1.90000000000000000000,VIOLATED,-0.04,26938.9,1967.34,23528,50466.8,16445.1000,1056.3000,
20,8,1,8,2.00000000000000000000,VIOLATED,-0.07,26634.6,1892.86,23494.7,50129.3,15598.2000,1045.1000,
20,8,1,8,2.10000000000000000000,VIOLATED,0,26809.3,1952.97,23537.8,50347.1,14857.3000,1051.000,
20,8,1,8,2.20000000000000000000,VIOLATED,-0.06,26369.1,1828.48,23502.4,49871.5,14159.000,1037.3000,
20,8,1,8,2.30000000000000000000,MET,0,26538,1766.77,23495.2,50033.3,13561.8000,1041.1000,
20,8,1,8,2.29000000000000000000,MET,0,26555,1761.19,23482.5,50037.5,13619.000,1041.8000,
20,8,1,8,2.28000000000000000000,MET,0,26788.3,1853.49,23508.3,50296.6,13695.3000,1049.6000,
20,8,1,8,2.27000000000000000000,VIOLATED,-0.03,26714.1,1828.48,23497.4,50211.5,13747.5000,1048.2000,
20,8,1,8,2.40000000000000000000,MET,0,26522.9,1718.36,23483.8,50006.7,12996.4000,1039.8000,
20,8,1,8,2.50000000000000000000,MET,0,26417.8,1693.89,23466.5,49884.3,12472.2000,1035.3000,
20,8,1,8,2.60000000000000000000,VIOLATED,-0.69,26474.7,1407.67,23480.4,49955.1,11992.3000,1026.4000,
20,8,1,8,2.70000000000000000000,VIOLATED,-0.57,26490.4,1415.12,23479.3,49969.7,11546.2000,1025.5000,
20,8,1,8,2.80000000000000000000,VIOLATED,-0.45,26576.1,1449.97,23460.4,50036.5,11137.2000,1028.000,
20,8,1,8,2.90000000000000000000,VIOLATED,-0.36,26497.3,1452.89,23463.9,49961.2,10745.8000,1024.3000,
20,8,1,8,3.00000000000000000000,VIOLATED,-0.19,26804.3,1508.22,23471.3,50275.6,10411.8000,1035.1000,
20,8,1,8,3.10000000000000000000,VIOLATED,-0.06,27064.4,1587.75,23467.8,50532.3,10085.6000,1042.000,
20,12,0,1,1.60000000000000000000,VIOLATED,-0.23,11539.9,941.374,17495.1,29035,15248.000,595.257,
20,12,0,1,1.70000000000000000000,VIOLATED,-0.1,11433.2,910.784,17496.9,28930.2,14334.4000,592.144,
20,12,0,1,1.80000000000000000000,MET,0,11385.9,901.208,17478.6,28864.5,13524.3000,589.802,
20,12,0,1,1.79000000000000000000,MET,0,11412.7,916.636,17477,28889.7,13606.4000,590.695,
20,12,0,1,1.78000000000000000000,VIOLATED,-0.01,11423.1,920.892,17478.9,28902,13686.9000,591.073,
20,12,0,1,1.90000000000000000000,MET,0,11267.2,886.844,17468.8,28736,12793.5000,585.946,
20,12,0,1,2.00000000000000000000,MET,0,11246.7,867.692,17457.6,28704.3,12132.4000,585.553,
20,12,0,1,2.10000000000000000000,MET,0,11260.3,876.47,17440.6,28700.9,11571.8000,585.921,
20,12,0,1,2.20000000000000000000,MET,0.01,11242,871.15,17440.6,28682.5,11046.1000,585.505,
20,12,0,1,2.30000000000000000000,MET,0.02,11176.3,875.14,17441.6,28617.9,10558.8000,583.556,
20,12,0,1,2.40000000000000000000,MET,0.08,11239.6,883.652,17440.6,28680.1,10126.7000,585.817,
20,12,0,1,2.50000000000000000000,MET,0.18,11242,898.282,17442.7,28684.6,9721.3000,586.33,
20,12,0,1,2.60000000000000000000,MET,0.28,11242.2,909.986,17442.7,28684.9,9347.6000,586.671,
20,12,0,12,1.60000000000000000000,VIOLATED,-0.22,46344.9,6649.73,41756.1,88101.1,31025.2000,1744.3000,
20,12,0,12,1.70000000000000000000,VIOLATED,-0.12,46349.2,6675.27,41748.7,88097.9,29187.5000,1743.8000,
20,12,0,12,1.80000000000000000000,MET,0,45154.6,6189.29,41595,86749.5,27435.000,1701.1000,
20,12,0,12,1.79000000000000000000,MET,0,45326.7,6140.61,41668.9,86995.6,27619.2000,1710.6000,
20,12,0,12,1.78000000000000000000,MET,0,45543.5,6308.72,41650.3,87193.7,27789.3000,1713.7000,
20,12,0,12,1.77000000000000000000,VIOLATED,-0.01,45634.2,6385.86,41722.1,87356.3,27962.5000,1721.3000,
20,12,0,12,1.90000000000000000000,MET,0,44322.5,5810.5,41431.9,85754.4,25902.6000,1672.8000,
20,12,0,12,2.00000000000000000000,MET,0,43869.5,5512.58,41414.9,85284.4,24578.8000,1661.6000,
20,12,0,12,2.10000000000000000000,MET,0,43618.1,5419.75,41417,85035.1,23381.7000,1659.9000,
20,12,0,12,2.20000000000000000000,MET,0.01,43541,5377.19,41401,84942,22310.4000,1660.6000,
20,12,0,12,2.30000000000000000000,MET,0.01,43479,5334.9,41391.5,84870.5,21322.8000,1662.8000,
20,12,0,12,2.40000000000000000000,MET,0.1,43431.2,5347.93,41395.7,84826.9,20421.6000,1667.8000,
20,12,0,12,2.50000000000000000000,MET,0.16,43409.1,5356.97,41396.8,84805.9,19591.3000,1671.5000,
20,12,0,12,2.60000000000000000000,MET,0.21,43378,5360.17,41411.7,84789.6,18831.9000,1676.9000,
20,12,1,1,.90000000000000000000,VIOLATED,-0.43,11448.4,916.104,17695.6,29144,27328.2000,595.961,
20,12,1,1,1.00000000000000000000,VIOLATED,-0.33,11460.3,936.852,17687.1,29147.5,24621.3000,595.401,
20,12,1,1,1.10000000000000000000,VIOLATED,-0.24,11349.7,849.87,17689.8,29039.5,22384.5000,592.989,
20,12,1,1,1.20000000000000000000,VIOLATED,-0.13,11333.5,839.23,17687.7,29021.1,20512.5000,591.967,
20,12,1,1,1.30000000000000000000,VIOLATED,-0.06,11293,869.022,17682.3,28975.4,18917.6000,589.858,
20,12,1,1,1.40000000000000000000,VIOLATED,-0.02,11288.5,862.106,17683.9,28972.5,17569.5000,589.767,
20,12,1,1,1.50000000000000000000,VIOLATED,-0.03,11321.8,864.234,17680.2,29002,16408.4000,590.825,
20,12,1,1,1.60000000000000000000,MET,0,11373.4,880.726,17683.9,29057.3,15397.6000,592.396,
20,12,1,1,1.59000000000000000000,VIOLATED,-0.01,11305.3,886.312,17682.3,28987.6,15478.1000,590.47,
20,12,1,1,1.70000000000000000000,VIOLATED,-0.01,11277.3,862.904,17678.9,28956.2,14472.1000,589.385,
20,12,1,1,1.80000000000000000000,MET,0,11340.6,903.07,17683.9,29024.6,13681.4000,592.037,
20,12,1,1,1.90000000000000000000,VIOLATED,0,11301.8,877.534,17679.7,28981.5,12954.5000,591.142,
20,12,1,1,2.00000000000000000000,VIOLATED,-0.05,11202.9,873.278,17676.5,28879.4,12289.4000,587.857,
20,12,1,1,2.10000000000000000000,VIOLATED,-0.01,11233.4,900.144,17678.1,28911.5,11705.6000,588.757,
20,12,1,1,2.20000000000000000000,VIOLATED,-0.01,11286.6,939.246,17681.6,28968.2,11177.9000,590.812,
20,12,1,1,2.30000000000000000000,MET,0,11233.2,898.548,17670.1,28903.3,10689.6000,589.218,
20,12,1,1,2.40000000000000000000,MET,0,11223.1,916.902,17671.2,28894.2,10242.3000,589.027,
20,12,1,12,.90000000000000000000,VIOLATED,-0.49,44370.1,5458.32,44182.1,88552.2,58652.5000,1721.7000,
20,12,1,12,1.00000000000000000000,VIOLATED,-0.38,44435.6,5677.5,44193,88628.5,52770.1000,1721.3000,
20,12,1,12,1.10000000000000000000,VIOLATED,-0.28,44459.2,5566.32,44218.8,88678,47973.8000,1723.5000,
20,12,1,12,1.20000000000000000000,VIOLATED,-0.19,44226.2,5495.83,44176.5,88402.7,43939.4000,1716.5000,
20,12,1,12,1.30000000000000000000,VIOLATED,-0.09,44572,5815.03,44247.8,88819.8,40572.4000,1724.4000,
20,12,1,12,1.40000000000000000000,VIOLATED,-0.04,44447.3,5810.5,44282.1,88729.4,37641.8000,1720.7000,
20,12,1,12,1.50000000000000000000,VIOLATED,-0.06,44492.8,5714.21,44266.4,88759.1,35127.000,1723.5000,
20,12,1,12,1.60000000000000000000,VIOLATED,-0.04,44897.3,5656.76,44255,89152.3,32955.4000,1734.8000,
20,12,1,12,1.70000000000000000000,VIOLATED,-0.02,44613.8,5624.3,44262.4,88876.2,30998.3000,1727.9000,
20,12,1,12,1.80000000000000000000,VIOLATED,-0.05,44291.7,5594.25,44252.6,88544.2,29243.9000,1719.7000,
20,12,1,12,1.90000000000000000000,VIOLATED,-0.03,44450.7,5663.14,44258.1,88708.9,27703.5000,1728.5000,
20,12,1,12,2.00000000000000000000,VIOLATED,-0.04,44165,5528.54,44256.5,88421.6,26278.6000,1719.000,
20,12,1,12,2.10000000000000000000,VIOLATED,-0.03,43904.9,5520.56,44234.2,88139.1,25004.8000,1716.3000,
20,12,1,12,2.20000000000000000000,VIOLATED,-0.01,44071.4,5599.3,44239.3,88310.7,23862.8000,1723.9000,
20,12,1,12,2.30000000000000000000,MET,0,43730.4,5393.95,44186.3,87916.7,22788.5000,1713.7000,
20,12,1,12,2.29000000000000000000,MET,0,43766.8,5411.5,44207.9,87974.7,22890.2000,1717.3000,
20,12,1,12,2.28000000000000000000,VIOLATED,0,44123,5593.71,44235.5,88358.5,23015.9000,1728.6000,
20,12,1,12,2.40000000000000000000,VIOLATED,-0.01,43732.8,5368.41,44174.1,87906.9,21828.000,1719.7000,
20,12,1,12,2.50000000000000000000,MET,0,43484.4,5206.42,44144.3,87628.6,20933.3000,1719.4000,
20,12,1,12,2.60000000000000000000,VIOLATED,-0.71,43557.5,4867.8,44132.3,87689.8,19810.3000,1702.5000,
20,12,1,12,2.70000000000000000000,VIOLATED,-0.57,43823.8,4885.62,44157.6,87981.4,19094.1000,1711.4000,
20,12,1,12,2.80000000000000000000,VIOLATED,-0.48,43655.4,4904.24,44140.6,87796,18400.7000,1705.7000,
20,12,1,12,2.90000000000000000000,VIOLATED,-0.37,43600.9,4918.61,44140,87740.9,17765.6000,1702.5000,
20,12,1,12,3.00000000000000000000,VIOLATED,-0.26,43707.8,4882.7,44147.8,87855.5,17177.5000,1708.3000,
20,12,1,12,3.10000000000000000000,VIOLATED,-0.08,44223.8,4998.67,44139.5,88363.3,16650.3000,1724.4000,
20,16,0,1,1.60000000000000000000,VIOLATED,-0.27,23120.2,1085.01,28758.3,51878.5,27834.1000,1077.9000,
20,16,0,1,1.70000000000000000000,VIOLATED,-0.12,23093.6,1084.75,28773.5,51867.1,26192.1000,1078.4000,
20,16,0,1,1.80000000000000000000,VIOLATED,-0.03,23090.9,1104.7,28739.4,51830.4,24731.6000,1076.6000,
20,16,0,1,1.90000000000000000000,MET,0,22865.4,969.57,28697.4,51562.8,23416.3000,1069.1000,
20,16,0,1,1.89000000000000000000,MET,0,22889.6,977.018,28700.6,51590.2,23543.9000,1069.9000,
20,16,0,1,1.88000000000000000000,MET,0,22892.2,980.21,28700.3,51592.6,23670.1000,1070.00,
20,16,0,1,1.87000000000000000000,MET,0,22950.2,1008.94,28687.8,51638,23801.3000,1070.5000,
20,16,0,1,1.86000000000000000000,MET,0,22952.6,1004.15,28687.8,51640.4,23927.000,1070.3000,
20,16,0,1,1.85000000000000000000,MET,0,22956.3,997.5,28691,51647.4,24063.7000,1070.9000,
20,16,0,1,1.84000000000000000000,MET,0,22978.7,1013.73,28741.6,51720.2,24193.6000,1075.000,
20,16,0,1,1.83000000000000000000,MET,0,23039.9,1063.47,28769,51808.8,24329.6000,1077.6000,
20,16,0,1,1.82000000000000000000,MET,0,23016.4,995.372,28714.2,51730.6,24465.000,1073.7000,
20,16,0,1,1.81000000000000000000,VIOLATED,-0.01,23093.3,1100.18,28758.9,51852.2,24600.9000,1077.7000,
20,16,0,1,2.00000000000000000000,MET,0,22756.6,917.434,28674.3,51430.8,22233.1000,1065.9000,
20,16,0,1,2.10000000000000000000,MET,0,22706.6,883.12,28655.1,51361.7,21169.8000,1064.6000,
20,16,0,1,2.20000000000000000000,MET,0,22639,856.52,28655.1,51294.1,20203.5000,1063.9000,
20,16,0,1,2.30000000000000000000,MET,0.02,22599.4,837.9,28659.4,51258.7,19326.5000,1063.7000,
20,16,0,1,2.40000000000000000000,MET,0.03,22557.9,813.694,28655.1,51213,18520.7000,1063.5000,
20,16,0,1,2.50000000000000000000,MET,0.17,22545.6,806.512,28657.2,51202.9,17781.000,1063.5000,
20,16,0,1,2.60000000000000000000,MET,0.17,22505.5,787.36,28655.1,51160.6,17096.5000,1063.4000,
20,16,0,1,2.70000000000000000000,MET,0.33,22468.8,769.804,28657.2,51126,16463.9000,1063.4000,
20,16,0,16,1.60000000000000000000,VIOLATED,-0.22,73605.4,5545.83,67689.8,141295,52670.3000,2974.8000,
20,16,0,16,1.70000000000000000000,VIOLATED,-0.12,73679.1,5710.22,67670.7,141350,49584.3000,2975.6000,
20,16,0,16,1.80000000000000000000,MET,0,72120,4874.72,67551.8,139672,46594.5000,2922.1000,
20,16,0,16,1.79000000000000000000,MET,0,72420.4,5058.79,67514.8,139935,46882.5000,2925.6000,
20,16,0,16,1.78000000000000000000,VIOLATED,0,72627.8,5279.04,67524.9,140153,47172.9000,2932.000,
20,16,0,16,1.90000000000000000000,MET,0,70916.7,4436.88,67242.7,138159,43970.2000,2875.6000,
20,16,0,16,2.00000000000000000000,MET,0,70248.7,4026.44,67213.7,137462,41727.000,2856.000,
20,16,0,16,2.10000000000000000000,MET,0,70012.5,3925.63,67255.2,137268,39728.5000,2850.5000,
20,16,0,16,2.20000000000000000000,MET,0,69823.9,3827.21,67208.4,137032,37896.8000,2844.8000,
20,16,0,16,2.30000000000000000000,MET,0,69827.9,3802.2,67202,137030,36255.3000,2843.8000,
20,16,0,16,2.40000000000000000000,MET,0.1,69722.1,3801.41,67212.6,136935,34732.7000,2841.7000,
20,16,0,16,2.50000000000000000000,MET,0.15,69739.9,3822.42,67212.6,136952,33338.6000,2842.1000,
20,16,0,16,2.60000000000000000000,MET,0.29,69613.5,3781.99,67279.6,136893,32064.1000,2839.7000,
20,16,1,1,.90000000000000000000,VIOLATED,-0.45,23425.8,1396.23,28916.1,52341.9,49802.3000,1083.000,
20,16,1,1,1.00000000000000000000,VIOLATED,-0.33,23326.3,1298.35,28906,52232.3,44818.9000,1080.5000,
20,16,1,1,1.10000000000000000000,VIOLATED,-0.24,23156.4,1158.7,28913.7,52070,40720.8000,1077.000,
20,16,1,1,1.20000000000000000000,VIOLATED,-0.12,23147.1,1111.08,28908.3,52055.4,37342.1000,1076.7000,
20,16,1,1,1.30000000000000000000,VIOLATED,-0.1,22978.7,1057.35,28897.4,51876.1,34445.5000,1071.8000,
20,16,1,1,1.40000000000000000000,VIOLATED,-0.04,22889.8,964.25,28901.2,51791,31984.9000,1069.9000,
20,16,1,1,1.50000000000000000000,VIOLATED,-0.04,22958.7,1007.61,28903.6,51862.3,29860.3000,1072.4000,
20,16,1,1,1.60000000000000000000,VIOLATED,-0.02,22948.6,995.372,28904.6,51853.2,28001.8000,1072.8000,
20,16,1,1,1.70000000000000000000,VIOLATED,-0.01,22954.5,1015.06,28906,51860.4,26357.2000,1074.8000,
20,16,1,1,1.80000000000000000000,MET,0,22831,915.04,28901.7,51732.7,24893.9000,1072.000,
20,16,1,1,1.79000000000000000000,VIOLATED,-0.01,22886.4,929.67,28901.2,51787.5,25039.4000,1073.7000,
20,16,1,1,1.90000000000000000000,VIOLATED,-0.01,22797.8,912.646,28903.3,51701.1,23578.000,1072.000,
20,16,1,1,2.00000000000000000000,VIOLATED,-0.01,22782.4,927.808,28901.4,51683.8,22395.3000,1072.000,
20,16,1,1,2.10000000000000000000,VIOLATED,0,22744.3,920.626,28902,51646.3,21323.000,1071.9000,
20,16,1,1,2.20000000000000000000,VIOLATED,-0.01,22706.6,895.622,28896.6,51603.2,20356.3000,1071.6000,
20,16,1,1,2.30000000000000000000,MET,0,22587.7,814.226,28897.2,51484.8,19461.6000,1068.9000,
20,16,1,1,2.40000000000000000000,VIOLATED,-0.02,22660.3,889.504,28898.2,51558.5,18654.9000,1071.8000,
20,16,1,1,2.50000000000000000000,VIOLATED,0,22541.4,788.956,28891.9,51433.2,17906.7000,1069.2000,
20,16,1,1,2.60000000000000000000,VIOLATED,-0.54,22591.1,774.592,28895.6,51486.7,17207.6000,1069.2000,
20,16,1,16,.90000000000000000000,VIOLATED,-0.47,71386.4,4005.69,71026.5,142413,97750.00,2960.9000,
20,16,1,16,1.00000000000000000000,VIOLATED,-0.38,71060.6,4042.93,71021.5,142082,87941.8000,2950.4000,
20,16,1,16,1.10000000000000000000,VIOLATED,-0.29,70894.9,3956.75,71009.8,141905,79913.5000,2945.5000,
20,16,1,16,1.20000000000000000000,VIOLATED,-0.17,71076.5,4007.56,71007.1,142084,73269.6000,2948.5000,
20,16,1,16,1.30000000000000000000,VIOLATED,-0.12,70390,4049.85,70930.2,141320,67482.9000,2923.3000,
20,16,1,16,1.40000000000000000000,VIOLATED,-0.07,70379.1,3922.7,70970.9,141350,62658.000,2923.9000,
20,16,1,16,1.50000000000000000000,VIOLATED,-0.09,70573.3,3980.69,71010.6,141584,58494.000,2930.4000,
20,16,1,16,1.60000000000000000000,VIOLATED,-0.03,71672.4,4188.7,71035.6,142708,54980.7000,2960.6000,
20,16,1,16,1.70000000000000000000,VIOLATED,-0.02,71254.8,4286.86,71025.2,142280,51689.000,2948.4000,
20,16,1,16,1.80000000000000000000,VIOLATED,-0.05,70931,4281.27,71023.9,141955,48775.2000,2937.3000,
20,16,1,16,1.90000000000000000000,VIOLATED,-0.02,71049.9,4181.52,71046.2,142096,46227.9000,2940.6000,
20,16,1,16,2.00000000000000000000,VIOLATED,-0.06,70401.2,4149.87,70993.8,141395,43831.000,2917.5000,
20,16,1,16,2.10000000000000000000,VIOLATED,-0.02,70211,3970.85,70954.7,141166,41723.5000,2907.8000,
20,16,1,16,2.20000000000000000000,VIOLATED,-0.02,70475.6,4110.23,70976.5,141452,39828.1000,2915.9000,
20,16,1,16,2.30000000000000000000,MET,0,70174.8,3820.82,70928.1,141103,38060.00,2904.9000,
20,16,1,16,2.29000000000000000000,MET,0,70248.2,3963.67,70966.1,141214,38235.2000,2908.5000,
20,16,1,16,2.28000000000000000000,VIOLATED,-0.03,70243.4,4030.96,70957.9,141201,38401.1000,2908.4000,
20,16,1,16,2.40000000000000000000,VIOLATED,0,70336.8,3947.71,70929.4,141266,36482.5000,2909.3000,
20,16,1,16,2.50000000000000000000,MET,0,69723.7,3640.21,70875.7,140599,34974.7000,2886.5000,
20,16,1,16,2.60000000000000000000,VIOLATED,-0.73,69638,3078.15,70875.4,140513,33543.6000,2859.000,
20,16,1,16,2.70000000000000000000,VIOLATED,-0.62,69613,3130.82,70877.3,140490,32296.5000,2857.000,
20,16,1,16,2.80000000000000000000,VIOLATED,-0.58,69207.1,2642.18,70864,140071,31148.000,2849.7000,
20,16,1,16,2.90000000000000000000,VIOLATED,-0.38,69884.6,3143.85,70870.9,140755,30098.6000,2863.9000,
20,16,1,16,3.00000000000000000000,VIOLATED,-0.22,70557.8,3343.09,70877.3,141435,29138.3000,2887.9000,
20,16,1,16,3.10000000000000000000,VIOLATED,-0.1,70572.5,3258.77,70910,141482,28208.3000,2890.3000,
20,20,0,1,1.60000000000000000000,VIOLATED,-0.28,25253.2,2043.41,42839.8,68093.1,40541.7000,1414.5000,
20,20,0,1,1.70000000000000000000,VIOLATED,-0.17,25266.5,2065.49,42825.7,68092.3,38151.4000,1414.7000,
20,20,0,1,1.80000000000000000000,MET,0,25243.4,2035.17,42827.6,68071,36032.9000,1414.000,
20,20,0,1,1.79000000000000000000,VIOLATED,-0.02,25233,2064.96,42834.2,68067.3,36231.1000,1413.9000,
20,20,0,1,1.90000000000000000000,MET,0,25045.5,1992.87,42822.5,67868,34106.4000,1408.7000,
20,20,0,1,2.00000000000000000000,MET,0,24977.7,1971.06,42781.8,67759.5,32383.4000,1406.2000,
20,20,0,1,2.10000000000000000000,MET,0,24898.7,1947.92,42781.8,67680.5,30831.7000,1404.6000,
20,20,0,1,2.20000000000000000000,MET,0.01,24941.5,1954.04,42781.8,67723.3,29436.7000,1406.9000,
20,20,0,1,2.30000000000000000000,MET,0.02,24849.2,1944.99,42781.8,67631,28148.000,1404.3000,
20,20,0,1,2.40000000000000000000,MET,0.04,24896.8,1954.3,42781.8,67678.6,26982.5000,1406.2000,
20,20,0,1,2.50000000000000000000,MET,0.1,24873.1,1960.69,42781.8,67655,25903.2000,1406.6000,
20,20,0,1,2.60000000000000000000,MET,0.2,24860.4,1969.46,42782.9,67643.3,24907.8000,1406.7000,
20,20,0,20,1.60000000000000000000,VIOLATED,-0.21,88446.6,6948.45,99276.5,187723,78138.8000,4027.1000,
20,20,0,20,1.70000000000000000000,VIOLATED,-0.14,87800,6747.09,99180,186980,73479.6000,4007.9000,
20,20,0,20,1.80000000000000000000,MET,0,86150.8,5973.3,99000.4,185151,69162.000,3949.4000,
20,20,0,20,1.79000000000000000000,VIOLATED,-0.02,88172.1,6746.29,99243,187415,69788.3000,4019.5000,
20,20,0,20,1.90000000000000000000,MET,0,86040.1,5842.16,98845.3,184885,65552.000,3941.6000,
20,20,0,20,2.00000000000000000000,MET,0,84074.9,4953.45,98677.5,182752,62083.1000,3876.1000,
20,20,0,20,2.10000000000000000000,MET,0,84789.4,4960.63,98771.1,183560,59202.6000,3902.5000,
20,20,0,20,2.20000000000000000000,MET,0,83410.2,4656.33,98677.5,182088,56388.000,3861.000,
20,20,0,20,2.30000000000000000000,MET,0.03,84613,4826.57,98809.4,183422,54040.3000,3899.4000,
20,20,0,20,2.40000000000000000000,MET,0.07,84617,4851.57,98808.4,183425,51773.6000,3900.7000,
20,20,0,20,2.50000000000000000000,MET,0.13,83206.4,4653.14,98669,181875,49565.6000,3858.6000,
20,20,0,20,2.60000000000000000000,MET,0.36,83181.1,4603.66,98721.1,181902,47672.3000,3857.2000,
20,20,1,1,.90000000000000000000,VIOLATED,-0.45,25727.8,2505.72,43029.8,68757.5,72260.7000,1428.000,
20,20,1,1,1.00000000000000000000,VIOLATED,-0.34,25493.7,2263.66,43029.2,68522.9,65037.8000,1421.7000,
20,20,1,1,1.10000000000000000000,VIOLATED,-0.25,25290.2,2124.81,43032.4,68322.6,59143.000,1417.2000,
20,20,1,1,1.20000000000000000000,VIOLATED,-0.14,25193.9,2021.07,43023.9,68217.8,54228.4000,1414.3000,
20,20,1,1,1.30000000000000000000,VIOLATED,-0.09,25088.1,1998.99,43024.4,68112.5,50044.1000,1411.2000,
20,20,1,1,1.40000000000000000000,VIOLATED,-0.02,25146.3,1994.47,43025.5,68171.8,46488.6000,1413.1000,
20,20,1,1,1.50000000000000000000,VIOLATED,-0.04,25075.6,1970.26,43026.6,68102.1,43383.6000,1411.2000,
20,20,1,1,1.60000000000000000000,VIOLATED,-0.1,24972.1,1978.51,43016.2,67988.3,40648.7000,1408.6000,
20,20,1,1,1.70000000000000000000,MET,0,25060.7,1951.91,43022.6,68083.2,38290.4000,1413.2000,
20,20,1,1,1.69000000000000000000,VIOLATED,-0.01,25075,1980.64,43024.7,68099.7,38518.1000,1412.4000,
20,20,1,1,1.80000000000000000000,VIOLATED,-0.08,24968.6,1997.13,43016.2,67984.8,36140.6000,1409.5000,
20,20,1,1,1.90000000000000000000,VIOLATED,-0.02,24981.4,1980.37,43025.5,68006.9,34246.2000,1411.2000,
20,20,1,1,2.00000000000000000000,VIOLATED,-0.03,24979.8,2044.74,43020.7,68000.5,32518.000,1411.000,
20,20,1,1,2.10000000000000000000,VIOLATED,0,24977.7,2030.91,43021.2,67998.9,30970.3000,1411.6000,
20,20,1,1,2.20000000000000000000,VIOLATED,0,24917,1992.34,43021,67938,29564.3000,1410.8000,
20,20,1,1,2.30000000000000000000,MET,0,24861.7,1972.92,43014.1,67875.8,28272.2000,1409.4000,
20,20,1,1,2.40000000000000000000,VIOLATED,-0.04,24897.3,2057.78,43015.9,67913.3,27089.000,1411.000,
20,20,1,1,2.50000000000000000000,MET,0,24827.4,1989.41,43010.1,67837.4,26005.4000,1409.1000,
20,20,1,20,.90000000000000000000,VIOLATED,-0.48,85380.4,5017.82,103420,188800,144171.000,4003.6000,
20,20,1,20,1.00000000000000000000,VIOLATED,-0.4,84797.9,4669.63,103340,188138,130090.00,3981.4000,
20,20,1,20,1.10000000000000000000,VIOLATED,-0.28,84857.2,4763.79,103402,188259,118211.000,3982.6000,
20,20,1,20,1.20000000000000000000,VIOLATED,-0.18,84744.9,4665.64,103371,188116,108272.000,3978.6000,
20,20,1,20,1.30000000000000000000,VIOLATED,-0.11,84318.5,4861.68,103432,187750,99937.5000,3966.6000,
20,20,1,20,1.40000000000000000000,VIOLATED,-0.04,84993.1,5020.48,103386,188380,92820.4000,3979.9000,
20,20,1,20,1.50000000000000000000,VIOLATED,-0.06,85378.6,5210.41,103438,188817,86610.2000,3996.2000,
20,20,1,20,1.60000000000000000000,VIOLATED,-0.06,84588,4889.61,103386,187974,81120.6000,3970.2000,
20,20,1,20,1.70000000000000000000,VIOLATED,-0.02,85028.2,5008.51,103436,188464,76144.1000,3985.3000,
20,20,1,20,1.80000000000000000000,VIOLATED,-0.04,85015.2,5087.78,103449,188464,72097.1000,3985.6000,
20,20,1,20,1.90000000000000000000,VIOLATED,-0.03,84864.9,5212.54,103408,188273,68268.000,3975.1000,
20,20,1,20,2.00000000000000000000,VIOLATED,-0.06,84098,4795.18,103402,187500,64796.2000,3954.5000,
20,20,1,20,2.10000000000000000000,VIOLATED,-0.03,83934.7,4677.61,103369,187304,61706.7000,3945.4000,
20,20,1,20,2.20000000000000000000,VIOLATED,-0.05,83528.3,4612.71,103345,186874,58835.7000,3934.3000,
20,20,1,20,2.30000000000000000000,MET,0,83749.3,4602.33,103317,187066,56269.5000,3936.7000,
20,20,1,20,2.29000000000000000000,MET,0,83941.1,4761.67,103341,187282,56528.1000,3942.2000,
20,20,1,20,2.28000000000000000000,VIOLATED,-0.02,84004.1,4812.74,103357,187361,56795.7000,3944.1000,
20,20,1,20,2.40000000000000000000,VIOLATED,0,83778.8,4653.14,103299,187078,53922.7000,3933.9000,
20,20,1,20,2.50000000000000000000,MET,0,83342.3,4383.95,103250,186592,51728.1000,3920.7000,
20,20,1,20,2.60000000000000000000,VIOLATED,-0.81,82325.9,3162.21,103215,185541,49490.1000,3859.7000,
20,20,1,20,2.70000000000000000000,VIOLATED,-0.6,83491.3,3675.06,103231,186722,47707.000,3893.6000,
20,20,1,20,2.80000000000000000000,VIOLATED,-0.53,83068.1,3624.25,103215,186283,45974.8000,3878.000,
20,20,1,20,2.90000000000000000000,VIOLATED,-0.41,83166.5,3662.29,103246,186413,44393.9000,3883.8000,
20,20,1,20,3.00000000000000000000,VIOLATED,-0.21,84241.4,3951.96,103218,187460,42964.9000,3917.7000,
20,20,1,20,3.10000000000000000000,VIOLATED,-0.14,83850.1,3720.81,103235,187085,41567.5000,3906.2000,
